wavelength / nm;Absorption cross section 1/m²;Emission cross section 1/m²;;;;
750;1,421363773E-30;1,40385E-39;;;;
750,2;1,474056128E-30;1,51119E-39;;;;
750,4;1,528587127E-30;1,62654E-39;;;;
750,6;1,585016616E-30;1,75048E-39;;;;
750,8;1,643406235E-30;1,88362E-39;;;;
751;1,703819467E-30;2,02665E-39;;;;
751,2;1,766321688E-30;2,18026E-39;;;;
751,4;1,830980218E-30;2,34523E-39;;;;
751,6;1,897864371E-30;2,52236E-39;;;;
751,8;1,967045512E-30;2,71255E-39;;;;
752;2,038597109E-30;2,91671E-39;;;;
752,2;2,112594789E-30;3,13586E-39;;;;
752,4;2,189116397E-30;3,37105E-39;;;;
752,6;2,268242053E-30;3,62345E-39;;;;
752,8;2,350054212E-30;3,89426E-39;;;;
753;2,434637724E-30;4,18481E-39;;;;
753,2;2,522079900E-30;4,49648E-39;;;;
753,4;2,612470574E-30;4,83077E-39;;;;
753,6;2,705902167E-30;5,18929E-39;;;;
753,8;2,802469756E-30;5,57374E-39;;;;
754;2,902271142E-30;5,98595E-39;;;;
754,2;3,005406920E-30;6,42786E-39;;;;
754,4;3,111980550E-30;6,90156E-39;;;;
754,6;3,222098430E-30;7,40928E-39;;;;
754,8;3,335869972E-30;7,95338E-39;;;;
755;3,453407676E-30;8,53641E-39;;;;
755,2;3,574827212E-30;9,16108E-39;;;;
755,4;3,700247494E-30;9,83029E-39;;;;
755,6;3,829790766E-30;1,05471E-38;;;;
755,8;3,963582684E-30;1,13148E-38;;;;
756;4,101752400E-30;1,2137E-38;;;;
756,2;4,244432649E-30;1,30173E-38;;;;
756,4;4,391759839E-30;1,39599E-38;;;;
756,6;4,543874139E-30;1,49689E-38;;;;
756,8;4,700919574E-30;1,60489E-38;;;;
757;4,863044116E-30;1,72048E-38;;;;
757,2;5,030399783E-30;1,84418E-38;;;;
757,4;5,203142738E-30;1,97653E-38;;;;
757,6;5,381433386E-30;2,11813E-38;;;;
757,8;5,565436478E-30;2,26961E-38;;;;
758;5,755321215E-30;2,43164E-38;;;;
758,2;5,951261356E-30;2,60492E-38;;;;
758,4;6,153435325E-30;2,79022E-38;;;;
758,6;6,362026321E-30;2,98836E-38;;;;
758,8;6,577222434E-30;3,20019E-38;;;;
759;6,799216758E-30;3,42663E-38;;;;
759,2;7,028207509E-30;3,66866E-38;;;;
759,4;7,264398146E-30;3,92733E-38;;;;
759,6;7,507997491E-30;4,20375E-38;;;;
759,8;7,759219857E-30;4,4991E-38;;;;
760;8,018285171E-30;4,81464E-38;;;;
760,2;8,285419107E-30;5,1517E-38;;;;
760,4;8,560853217E-30;5,51173E-38;;;;
760,6;8,844825063E-30;5,89623E-38;;;;
760,8;9,137578358E-30;6,30682E-38;;;;
761;9,439363103E-30;6,74522E-38;;;;
761,2;9,750435731E-30;7,21327E-38;;;;
761,4;1,007105925E-29;7,7129E-38;;;;
761,6;1,040150340E-29;8,24619E-38;;;;
761,8;1,074204477E-29;8,81533E-38;;;;
762;1,109296701E-29;9,42267E-38;;;;
762,2;1,145456093E-29;1,00707E-37;;;;
762,4;1,182712469E-29;1,07621E-37;;;;
762,6;1,221096395E-29;1,14996E-37;;;;
762,8;1,260639205E-29;1,22862E-37;;;;
763;1,301373015E-29;1,31252E-37;;;;
763,2;1,343330742E-29;1,40198E-37;;;;
763,4;1,386546121E-29;1,49737E-37;;;;
763,6;1,431053724E-29;1,59908E-37;;;;
763,8;1,476888975E-29;1,70749E-37;;;;
764;1,524088170E-29;1,82305E-37;;;;
764,2;1,572688496E-29;1,94621E-37;;;;
764,4;1,622728049E-29;2,07745E-37;;;;
764,6;1,674245854E-29;2,21729E-37;;;;
764,8;1,727281883E-29;2,36628E-37;;;;
765;1,781877079E-29;2,52499E-37;;;;
765,2;1,838073369E-29;2,69405E-37;;;;
765,4;1,895913691E-29;2,87411E-37;;;;
765,6;1,955442015E-29;3,06585E-37;;;;
765,8;2,016703358E-29;3,27002E-37;;;;
766;2,079743811E-29;3,48739E-37;;;;
766,2;2,144610560E-29;3,7188E-37;;;;
766,4;2,211351908E-29;3,96512E-37;;;;
766,6;2,280017297E-29;4,22729E-37;;;;
766,8;2,350657332E-29;4,50629E-37;;;;
767;2,423323801E-29;4,80316E-37;;;;
767,2;2,498069706E-29;5,11903E-37;;;;
767,4;2,574949280E-29;5,45506E-37;;;;
767,6;2,654018013E-29;5,81251E-37;;;;
767,8;2,735332682E-29;6,1927E-37;;;;
768;2,818951368E-29;6,59702E-37;;;;
768,2;2,904933489E-29;7,02697E-37;;;;
768,4;2,993339822E-29;7,48411E-37;;;;
768,6;3,084232528E-29;7,97012E-37;;;;
768,8;3,177675185E-29;8,48675E-37;;;;
769;3,273732809E-29;9,03588E-37;;;;
769,2;3,372471883E-29;9,61949E-37;;;;
769,4;3,473960388E-29;1,02397E-36;;;;
769,6;3,578267827E-29;1,08986E-36;;;;
769,8;3,685465259E-29;1,15988E-36;;;;
770;3,795625323E-29;1,23425E-36;;;;
770,2;3,908822269E-29;1,31325E-36;;;;
770,4;4,025131990E-29;1,39716E-36;;;;
770,6;4,144632053E-29;1,48626E-36;;;;
770,8;4,267401726E-29;1,58088E-36;;;;
771;4,393522010E-29;1,68133E-36;;;;
771,2;4,523075677E-29;1,78798E-36;;;;
771,4;4,656147291E-29;1,90119E-36;;;;
771,6;4,792823253E-29;2,02134E-36;;;;
771,8;4,933191822E-29;2,14886E-36;;;;
772;5,077343159E-29;2,28418E-36;;;;
772,2;5,225369354E-29;2,42776E-36;;;;
772,4;5,377364460E-29;2,58008E-36;;;;
772,6;5,533424535E-29;2,74167E-36;;;;
772,8;5,693647668E-29;2,91307E-36;;;;
773;5,858134020E-29;3,09486E-36;;;;
773,2;6,026985859E-29;3,28763E-36;;;;
773,4;6,200307598E-29;3,49204E-36;;;;
773,6;6,378205826E-29;3,70877E-36;;;;
773,8;6,560789352E-29;3,93852E-36;;;;
774;6,748169242E-29;4,18207E-36;;;;
774,2;6,940458853E-29;4,44021E-36;;;;
774,4;7,137773874E-29;4,71378E-36;;;;
774,6;7,340232368E-29;5,00367E-36;;;;
774,8;7,547954806E-29;5,31084E-36;;;;
775;7,761064112E-29;5,63626E-36;;;;
775,2;7,979685700E-29;5,981E-36;;;;
775,4;8,203947518E-29;6,34616E-36;;;;
775,6;8,433980088E-29;6,7329E-36;;;;
775,8;8,669916544E-29;7,14246E-36;;;;
776;8,911892682E-29;7,57614E-36;;;;
776,2;9,160046997E-29;8,03531E-36;;;;
776,4;9,414520727E-29;8,52142E-36;;;;
776,6;9,675457898E-29;9,03599E-36;;;;
776,8;9,943005367E-29;9,58064E-36;;;;
777;1,021731287E-28;1,01571E-35;;;;
777,2;1,049853305E-28;1,0767E-35;;;;
777,4;1,078682154E-28;1,14125E-35;;;;
777,6;1,108233697E-28;1,20953E-35;;;;
777,8;1,138524102E-28;1,28177E-35;;;;
778;1,169569850E-28;1,35819E-35;;;;
778,2;1,201387734E-28;1,43901E-35;;;;
778,4;1,233994870E-28;1,52448E-35;;;;
778,6;1,267408696E-28;1,61487E-35;;;;
778,8;1,301646981E-28;1,71043E-35;;;;
779;1,336727830E-28;1,81147E-35;;;;
779,2;1,372669684E-28;1,91828E-35;;;;
779,4;1,409491331E-28;2,03117E-35;;;;
779,6;1,447211907E-28;2,15049E-35;;;;
779,8;1,485850902E-28;2,27659E-35;;;;
780;1,525428168E-28;2,40984E-35;;;;
780,2;1,565963918E-28;2,55062E-35;;;;
780,4;1,607478738E-28;2,69936E-35;;;;
780,6;1,649993587E-28;2,85647E-35;;;;
780,8;1,693529805E-28;3,02243E-35;;;;
781;1,738109117E-28;3,1977E-35;;;;
781,2;1,783753639E-28;3,3828E-35;;;;
781,4;1,830485883E-28;3,57825E-35;;;;
781,6;1,878328763E-28;3,7846E-35;;;;
781,8;1,927305600E-28;4,00246E-35;;;;
782;1,977440126E-28;4,23243E-35;;;;
782,2;2,028756494E-28;4,47516E-35;;;;
782,4;2,081279277E-28;4,73134E-35;;;;
782,6;2,135033479E-28;5,00168E-35;;;;
782,8;2,190044538E-28;5,28694E-35;;;;
783;2,246338333E-28;5,58791E-35;;;;
783,2;2,303941189E-28;5,90542E-35;;;;
783,4;2,362879880E-28;6,24035E-35;;;;
783,6;2,423181641E-28;6,59362E-35;;;;
783,8;2,484874167E-28;6,96619E-35;;;;
784;2,547985625E-28;7,35909E-35;;;;
784,2;2,612544654E-28;7,77337E-35;;;;
784,4;2,678580373E-28;8,21016E-35;;;;
784,6;2,746122391E-28;8,67064E-35;;;;
784,8;2,815200806E-28;9,15603E-35;;;;
785;2,885846215E-28;9,66765E-35;;;;
785,2;2,958089719E-28;1,02068E-34;;;;
785,4;3,031962930E-28;1,07751E-34;;;;
785,6;3,107497974E-28;1,13738E-34;;;;
785,8;3,184727500E-28;1,20046E-34;;;;
786;3,263684686E-28;1,26691E-34;;;;
786,2;3,344403243E-28;1,33692E-34;;;;
786,4;3,426917421E-28;1,41065E-34;;;;
786,6;3,511262019E-28;1,48831E-34;;;;
786,8;3,597472384E-28;1,57008E-34;;;;
787;3,685584425E-28;1,65619E-34;;;;
787,2;3,775634613E-28;1,74685E-34;;;;
787,4;3,867659991E-28;1,84229E-34;;;;
787,6;3,961698177E-28;1,94276E-34;;;;
787,8;4,057787372E-28;2,04852E-34;;;;
788;4,155966368E-28;2,15981E-34;;;;
788,2;4,256274548E-28;2,27694E-34;;;;
788,4;4,358751900E-28;2,40018E-34;;;;
788,6;4,463439015E-28;2,52986E-34;;;;
788,8;4,570377101E-28;2,66628E-34;;;;
789;4,679607983E-28;2,80978E-34;;;;
789,2;4,791174113E-28;2,96073E-34;;;;
789,4;4,905118574E-28;3,11949E-34;;;;
789,6;5,021485086E-28;3,28644E-34;;;;
789,8;5,140318014E-28;3,462E-34;;;;
790;5,261662373E-28;3,64659E-34;;;;
790,2;5,385563834E-28;3,84065E-34;;;;
790,4;5,512068728E-28;4,04465E-34;;;;
790,6;5,641224058E-28;4,25909E-34;;;;
790,8;5,773077497E-28;4,48447E-34;;;;
791;5,907677402E-28;4,72133E-34;;;;
791,2;6,045072815E-28;4,97022E-34;;;;
791,4;6,185313468E-28;5,23174E-34;;;;
791,6;6,328449794E-28;5,50651E-34;;;;
791,8;6,474532930E-28;5,79515E-34;;;;
792;6,623614721E-28;6,09835E-34;;;;
792,2;6,775747729E-28;6,41681E-34;;;;
792,4;6,930985238E-28;6,75126E-34;;;;
792,6;7,089381260E-28;7,10248E-34;;;;
792,8;7,250990540E-28;7,47127E-34;;;;
793;7,415868560E-28;7,85847E-34;;;;
793,2;7,584071549E-28;8,26496E-34;;;;
793,4;7,755656487E-28;8,69167E-34;;;;
793,6;7,930681108E-28;9,13956E-34;;;;
793,8;8,109203909E-28;9,60963E-34;;;;
794;8,291284153E-28;1,01029E-33;;;;
794,2;8,476981877E-28;1,06206E-33;;;;
794,4;8,666357895E-28;1,11637E-33;;;;
794,6;8,859473804E-28;1,17335E-33;;;;
794,8;9,056391990E-28;1,23313E-33;;;;
795;9,257175635E-28;1,29583E-33;;;;
795,2;9,461888717E-28;1,36159E-33;;;;
795,4;9,670596019E-28;1,43056E-33;;;;
795,6;9,883363134E-28;1,50289E-33;;;;
795,8;1,010025647E-27;1,57872E-33;;;;
796;1,032134325E-27;1,65823E-33;;;;
796,2;1,054669153E-27;1,74159E-33;;;;
796,4;1,077637018E-27;1,82897E-33;;;;
796,6;1,101044893E-27;1,92055E-33;;;;
796,8;1,124899831E-27;2,01654E-33;;;;
797;1,149208972E-27;2,11713E-33;;;;
797,2;1,173979540E-27;2,22254E-33;;;;
797,4;1,199218844E-27;2,33298E-33;;;;
797,6;1,224934280E-27;2,44868E-33;;;;
797,8;1,251133327E-27;2,5699E-33;;;;
798;1,277823553E-27;2,69687E-33;;;;
798,2;1,305012612E-27;2,82985E-33;;;;
798,4;1,332708244E-27;2,96912E-33;;;;
798,6;1,360918279E-27;3,11497E-33;;;;
798,8;1,389650632E-27;3,26769E-33;;;;
799;1,418913309E-27;3,42758E-33;;;;
799,2;1,448714402E-27;3,59498E-33;;;;
799,4;1,479062095E-27;3,77021E-33;;;;
799,6;1,509964659E-27;3,95363E-33;;;;
799,8;1,541430454E-27;4,14559E-33;;;;
800;1,573467933E-27;4,3465E-33;;;;
800,2;1,606085635E-27;4,55673E-33;;;;
800,4;1,639292194E-27;4,7767E-33;;;;
800,6;1,673096331E-27;5,00684E-33;;;;
800,8;1,707506859E-27;5,24761E-33;;;;
801;1,742532683E-27;5,49946E-33;;;;
801,2;1,778182799E-27;5,76289E-33;;;;
801,4;1,814466294E-27;6,03841E-33;;;;
801,6;1,851392347E-27;6,32653E-33;;;;
801,8;1,888970230E-27;6,62782E-33;;;;
802;1,927209305E-27;6,94284E-33;;;;
802,2;1,966119028E-27;7,27219E-33;;;;
802,4;2,005708947E-27;7,61649E-33;;;;
802,6;2,045988703E-27;7,9764E-33;;;;
802,8;2,086968029E-27;8,35257E-33;;;;
803;2,128656749E-27;8,74572E-33;;;;
803,2;2,171064783E-27;9,15657E-33;;;;
803,4;2,214202142E-27;9,58589E-33;;;;
803,6;2,258078931E-27;1,00345E-32;;;;
803,8;2,302705345E-27;1,05031E-32;;;;
804;2,348091674E-27;1,09927E-32;;;;
804,2;2,394248303E-27;1,1504E-32;;;;
804,4;2,441185704E-27;1,20382E-32;;;;
804,6;2,488914448E-27;1,2596E-32;;;;
804,8;2,537445194E-27;1,31785E-32;;;;
805;2,586788697E-27;1,37868E-32;;;;
805,2;2,636955801E-27;1,44219E-32;;;;
805,4;2,687957445E-27;1,5085E-32;;;;
805,6;2,739804659E-27;1,57772E-32;;;;
805,8;2,792508566E-27;1,64997E-32;;;;
806;2,846080379E-27;1,72538E-32;;;;
806,2;2,900531405E-27;1,80409E-32;;;;
806,4;2,955873040E-27;1,88622E-32;;;;
806,6;3,012116772E-27;1,97192E-32;;;;
806,8;3,069274181E-27;2,06134E-32;;;;
807;3,127356936E-27;2,15463E-32;;;;
807,2;3,186376797E-27;2,25196E-32;;;;
807,4;3,246345613E-27;2,35347E-32;;;;
807,6;3,307275323E-27;2,45935E-32;;;;
807,8;3,369177957E-27;2,56978E-32;;;;
808;3,432065631E-27;2,68494E-32;;;;
808,2;3,495950550E-27;2,80502E-32;;;;
808,4;3,560845008E-27;2,93022E-32;;;;
808,6;3,626761385E-27;3,06075E-32;;;;
808,8;3,693712149E-27;3,19683E-32;;;;
809;3,761709855E-27;3,33867E-32;;;;
809,2;3,830767142E-27;3,48651E-32;;;;
809,4;3,900896735E-27;3,6406E-32;;;;
809,6;3,972111443E-27;3,80117E-32;;;;
809,8;4,044424163E-27;3,96849E-32;;;;
810;4,117847869E-27;4,14283E-32;;;;
810,2;4,192395624E-27;4,32447E-32;;;;
810,4;4,268080568E-27;4,51369E-32;;;;
810,6;4,344915927E-27;4,7108E-32;;;;
810,8;4,422915005E-27;4,91611E-32;;;;
811;4,502091186E-27;5,12993E-32;;;;
811,2;4,582457934E-27;5,35261E-32;;;;
811,4;4,664028790E-27;5,58449E-32;;;;
811,6;4,746817375E-27;5,82594E-32;;;;
811,8;4,830837385E-27;6,07732E-32;;;;
812;4,916102592E-27;6,33902E-32;;;;
812,2;5,002626843E-27;6,61144E-32;;;;
812,4;5,090424059E-27;6,895E-32;;;;
812,6;5,179508233E-27;7,19013E-32;;;;
812,8;5,269893433E-27;7,49728E-32;;;;
813;5,361593794E-27;7,8169E-32;;;;
813,2;5,454623525E-27;8,14948E-32;;;;
813,4;5,548996902E-27;8,49551E-32;;;;
813,6;5,644728268E-27;8,85551E-32;;;;
813,8;5,741832034E-27;9,23E-32;;;;
814;5,840322678E-27;9,61955E-32;;;;
814,2;5,940214740E-27;1,00247E-31;;;;
814,4;6,041522825E-27;1,04461E-31;;;;
814,6;6,144261599E-27;1,08843E-31;;;;
814,8;6,248445790E-27;1,134E-31;;;;
815;6,354090186E-27;1,18138E-31;;;;
815,2;6,461209633E-27;1,23064E-31;;;;
815,4;6,569819032E-27;1,28185E-31;;;;
815,6;6,679933344E-27;1,33508E-31;;;;
815,8;6,791567581E-27;1,39041E-31;;;;
816;6,904736810E-27;1,44791E-31;;;;
816,2;7,019456149E-27;1,50768E-31;;;;
816,4;7,135740767E-27;1,56978E-31;;;;
816,6;7,253605881E-27;1,63431E-31;;;;
816,8;7,373066756E-27;1,70135E-31;;;;
817;7,494138703E-27;1,77101E-31;;;;
817,2;7,616837077E-27;1,84337E-31;;;;
817,4;7,741177277E-27;1,91853E-31;;;;
817,6;7,867174742E-27;1,99659E-31;;;;
817,8;7,994844953E-27;2,07767E-31;;;;
818;8,124203427E-27;2,16187E-31;;;;
818,2;8,255265719E-27;2,2493E-31;;;;
818,4;8,388047418E-27;2,34008E-31;;;;
818,6;8,522564149E-27;2,43433E-31;;;;
818,8;8,658831565E-27;2,53218E-31;;;;
819;8,796865353E-27;2,63375E-31;;;;
819,2;8,936681226E-27;2,73918E-31;;;;
819,4;9,078294924E-27;2,8486E-31;;;;
819,6;9,221722214E-27;2,96217E-31;;;;
819,8;9,366978883E-27;3,08001E-31;;;;
820;9,514080742E-27;3,2023E-31;;;;
820,2;9,663043621E-27;3,32917E-31;;;;
820,4;9,813883368E-27;3,4608E-31;;;;
820,6;9,966615847E-27;3,59736E-31;;;;
820,8;1,012125694E-26;3,73901E-31;;;;
821;1,027782253E-26;3,88593E-31;;;;
821,2;1,043632853E-26;4,03832E-31;;;;
821,4;1,059679085E-26;4,19635E-31;;;;
821,6;1,075922540E-26;4,36022E-31;;;;
821,8;1,092364811E-26;4,53015E-31;;;;
822;1,109007490E-26;4,70633E-31;;;;
822,2;1,125852171E-26;4,88898E-31;;;;
822,4;1,142900446E-26;5,07833E-31;;;;
822,6;1,160153908E-26;5,2746E-31;;;;
822,8;1,177614150E-26;5,47804E-31;;;;
823;1,195282762E-26;5,68888E-31;;;;
823,2;1,213161336E-26;5,90739E-31;;;;
823,4;1,231251462E-26;6,13381E-31;;;;
823,6;1,249554728E-26;6,36843E-31;;;;
823,8;1,268072723E-26;6,61151E-31;;;;
824;1,286807031E-26;6,86334E-31;;;;
824,2;1,305759238E-26;7,12422E-31;;;;
824,4;1,324930926E-26;7,39445E-31;;;;
824,6;1,344323675E-26;7,67434E-31;;;;
824,8;1,363939064E-26;7,96422E-31;;;;
825;1,383778667E-26;8,26443E-31;;;;
825,2;1,403844059E-26;8,57529E-31;;;;
825,4;1,424136810E-26;8,89717E-31;;;;
825,6;1,444658487E-26;9,23044E-31;;;;
825,8;1,465410654E-26;9,57546E-31;;;;
826;1,486394874E-26;9,93263E-31;;;;
826,2;1,507612702E-26;1,03023E-30;;;;
826,4;1,529065694E-26;1,0685E-30;;;;
826,6;1,550755400E-26;1,1081E-30;;;;
826,8;1,572683366E-26;1,14909E-30;;;;
827;1,594851134E-26;1,1915E-30;;;;
827,2;1,617260243E-26;1,23539E-30;;;;
827,4;1,639912226E-26;1,28079E-30;;;;
827,6;1,662808612E-26;1,32777E-30;;;;
827,8;1,685950926E-26;1,37636E-30;;;;
828;1,709340688E-26;1,42663E-30;;;;
828,2;1,732979413E-26;1,47862E-30;;;;
828,4;1,756868610E-26;1,53239E-30;;;;
828,6;1,781009785E-26;1,588E-30;;;;
828,8;1,805404435E-26;1,64551E-30;;;;
829;1,830054057E-26;1,70497E-30;;;;
829,2;1,854960137E-26;1,76645E-30;;;;
829,4;1,880124160E-26;1,83001E-30;;;;
829,6;1,905547601E-26;1,89571E-30;;;;
829,8;1,931231934E-26;1,96364E-30;;;;
830;1,957178624E-26;2,03384E-30;;;;
830,2;1,983389130E-26;2,1064E-30;;;;
830,4;2,009864906E-26;2,18139E-30;;;;
830,6;2,036607401E-26;2,25888E-30;;;;
830,8;2,063618057E-26;2,33895E-30;;;;
831;2,090898308E-26;2,42169E-30;;;;
831,2;2,118449586E-26;2,50716E-30;;;;
831,4;2,146273313E-26;2,59547E-30;;;;
831,6;2,174370907E-26;2,68668E-30;;;;
831,8;2,202743780E-26;2,7809E-30;;;;
832;2,231393337E-26;2,87822E-30;;;;
832,2;2,260320977E-26;2,97872E-30;;;;
832,4;2,289528094E-26;3,08251E-30;;;;
832,6;2,319016074E-26;3,18969E-30;;;;
832,8;2,348786299E-26;3,30035E-30;;;;
833;2,378840145E-26;3,4146E-30;;;;
833,2;2,409178982E-26;3,53256E-30;;;;
833,4;2,439804173E-26;3,65432E-30;;;;
833,6;2,470717078E-26;3,78001E-30;;;;
833,8;2,501919049E-26;3,90975E-30;;;;
834;2,533411435E-26;4,04364E-30;;;;
834,2;2,565195578E-26;4,18182E-30;;;;
834,4;2,597272816E-26;4,32441E-30;;;;
834,6;2,629644483E-26;4,47154E-30;;;;
834,8;2,662311906E-26;4,62335E-30;;;;
835;2,695276412E-26;4,77997E-30;;;;
835,2;2,728539318E-26;4,94154E-30;;;;
835,4;2,762101943E-26;5,10821E-30;;;;
835,6;2,795965599E-26;5,28012E-30;;;;
835,8;2,830131596E-26;5,45744E-30;;;;
836;2,864601240E-26;5,64031E-30;;;;
836,2;2,899375835E-26;5,82889E-30;;;;
836,4;2,934456684E-26;6,02335E-30;;;;
836,6;2,969845085E-26;6,22386E-30;;;;
836,8;3,005542338E-26;6,43058E-30;;;;
837;3,041549740E-26;6,64371E-30;;;;
837,2;3,077868587E-26;6,86342E-30;;;;
837,4;3,114500175E-26;7,08989E-30;;;;
837,6;3,151445802E-26;7,32332E-30;;;;
837,8;3,188706765E-26;7,56391E-30;;;;
838;3,226284363E-26;7,81185E-30;;;;
838,2;3,264179895E-26;8,06736E-30;;;;
838,4;3,302394666E-26;8,33064E-30;;;;
838,6;3,340929980E-26;8,60191E-30;;;;
838,8;3,379787148E-26;8,8814E-30;;;;
839;3,418967483E-26;9,16932E-30;;;;
839,2;3,458472303E-26;9,46593E-30;;;;
839,4;3,498302934E-26;9,77145E-30;;;;
839,6;3,538460705E-26;1,00861E-29;;;;
839,8;3,578946955E-26;1,04102E-29;;;;
840;3,619763029E-26;1,0744E-29;;;;
840,2;3,660910281E-26;1,10877E-29;;;;
840,4;3,702390075E-26;1,14416E-29;;;;
840,6;3,744203784E-26;1,1806E-29;;;;
840,8;3,786352795E-26;1,21811E-29;;;;
841;3,828838504E-26;1,25673E-29;;;;
841,2;3,871662323E-26;1,29649E-29;;;;
841,4;3,914825674E-26;1,33741E-29;;;;
841,6;3,958329999E-26;1,37953E-29;;;;
841,8;4,002176754E-26;1,42288E-29;;;;
842;4,046367409E-26;1,46749E-29;;;;
842,2;4,090903458E-26;1,5134E-29;;;;
842,4;4,135786411E-26;1,56063E-29;;;;
842,6;4,181017799E-26;1,60923E-29;;;;
842,8;4,226599174E-26;1,65924E-29;;;;
843;4,272532112E-26;1,71067E-29;;;;
843,2;4,318818214E-26;1,76359E-29;;;;
843,4;4,365459105E-26;1,81802E-29;;;;
843,6;4,412456437E-26;1,874E-29;;;;
843,8;4,459811891E-26;1,93157E-29;;;;
844;4,507527177E-26;1,99078E-29;;;;
844,2;4,555604036E-26;2,05166E-29;;;;
844,4;4,604044241E-26;2,11427E-29;;;;
844,6;4,652849600E-26;2,17864E-29;;;;
844,8;4,702021954E-26;2,24481E-29;;;;
845;4,751563184E-26;2,31285E-29;;;;
845,2;4,801475207E-26;2,38278E-29;;;;
845,4;4,851759982E-26;2,45467E-29;;;;
845,6;4,902419508E-26;2,52855E-29;;;;
845,8;4,953455829E-26;2,60449E-29;;;;
846;5,004871032E-26;2,68253E-29;;;;
846,2;5,056667253E-26;2,76272E-29;;;;
846,4;5,108846675E-26;2,84512E-29;;;;
846,6;5,161411532E-26;2,92978E-29;;;;
846,8;5,214364111E-26;3,01676E-29;;;;
847;5,267706751E-26;3,10612E-29;;;;
847,2;5,321441848E-26;3,19792E-29;;;;
847,4;5,375571857E-26;3,29221E-29;;;;
847,6;5,430099290E-26;3,38906E-29;;;;
847,8;5,485026722E-26;3,48852E-29;;;;
848;5,540356793E-26;3,59067E-29;;;;
848,2;5,596092207E-26;3,69557E-29;;;;
848,4;5,652235736E-26;3,80328E-29;;;;
848,6;5,708790222E-26;3,91388E-29;;;;
848,8;5,765758578E-26;4,02743E-29;;;;
849;5,823143793E-26;4,144E-29;;;;
849,2;5,880948931E-26;4,26367E-29;;;;
849,4;5,939177132E-26;4,38651E-29;;;;
849,6;5,997831620E-26;4,51259E-29;;;;
849,8;6,056915700E-26;4,642E-29;;;;
850;6,116432761E-26;4,7748E-29;;;;
850,2;6,176386280E-26;4,91109E-29;;;;
850,4;6,236779823E-26;5,05094E-29;;;;
850,6;6,297617048E-26;5,19444E-29;;;;
850,8;6,358901705E-26;5,34166E-29;;;;
851;6,420637643E-26;5,49271E-29;;;;
851,2;6,482828807E-26;5,64766E-29;;;;
851,4;6,545479242E-26;5,80661E-29;;;;
851,6;6,608593099E-26;5,96966E-29;;;;
851,8;6,672174630E-26;6,13688E-29;;;;
852;6,736228200E-26;6,30839E-29;;;;
852,2;6,800758277E-26;6,48427E-29;;;;
852,4;6,865769448E-26;6,66463E-29;;;;
852,6;6,931266410E-26;6,84957E-29;;;;
852,8;6,997253977E-26;7,03919E-29;;;;
853;7,063737084E-26;7,2336E-29;;;;
853,2;7,130720787E-26;7,43291E-29;;;;
853,4;7,198210264E-26;7,63722E-29;;;;
853,6;7,266210820E-26;7,84665E-29;;;;
853,8;7,334727889E-26;8,06132E-29;;;;
854;7,403767033E-26;8,28133E-29;;;;
854,2;7,473333949E-26;8,50681E-29;;;;
854,4;7,543434467E-26;8,73787E-29;;;;
854,6;7,614074556E-26;8,97465E-29;;;;
854,8;7,685260322E-26;9,21726E-29;;;;
855;7,756998014E-26;9,46584E-29;;;;
855,2;7,829294023E-26;9,7205E-29;;;;
855,4;7,902154885E-26;9,98139E-29;;;;
855,6;7,975587287E-26;1,02486E-28;;;;
855,8;8,049598060E-26;1,05224E-28;;;;
856;8,124194191E-26;1,08028E-28;;;;
856,2;8,199382818E-26;1,10899E-28;;;;
856,4;8,275171234E-26;1,1384E-28;;;;
856,6;8,351566889E-26;1,16852E-28;;;;
856,8;8,428577394E-26;1,19936E-28;;;;
857;8,506210517E-26;1,23093E-28;;;;
857,2;8,584474190E-26;1,26326E-28;;;;
857,4;8,663376507E-26;1,29636E-28;;;;
857,6;8,742925729E-26;1,33024E-28;;;;
857,8;8,823130282E-26;1,36492E-28;;;;
858;8,903998760E-26;1,40042E-28;;;;
858,2;8,985539927E-26;1,43676E-28;;;;
858,4;9,067762718E-26;1,47395E-28;;;;
858,6;9,150676236E-26;1,512E-28;;;;
858,8;9,234289760E-26;1,55095E-28;;;;
859;9,318612742E-26;1,5908E-28;;;;
859,2;9,403654807E-26;1,63157E-28;;;;
859,4;9,489425757E-26;1,67329E-28;;;;
859,6;9,575935566E-26;1,71597E-28;;;;
859,8;9,663194390E-26;1,75963E-28;;;;
860;9,751212558E-26;1,80429E-28;;;;
860,2;9,840000576E-26;1,84997E-28;;;;
860,4;9,929569130E-26;1,89669E-28;;;;
860,6;1,001992908E-25;1,94448E-28;;;;
860,8;1,011109147E-25;1,99334E-28;;;;
861;1,020306752E-25;2,04332E-28;;;;
861,2;1,029586861E-25;2,09441E-28;;;;
861,4;1,038950633E-25;2,14666E-28;;;;
861,6;1,048399241E-25;2,20008E-28;;;;
861,8;1,057933879E-25;2,25469E-28;;;;
862;1,067555756E-25;2,31051E-28;;;;
862,2;1,077266099E-25;2,36758E-28;;;;
862,4;1,087066154E-25;2,42591E-28;;;;
862,6;1,096957182E-25;2,48553E-28;;;;
862,8;1,106940461E-25;2,54646E-28;;;;
863;1,117017288E-25;2,60872E-28;;;;
863,2;1,127188975E-25;2,67236E-28;;;;
863,4;1,137456851E-25;2,73738E-28;;;;
863,6;1,147822262E-25;2,80381E-28;;;;
863,8;1,158286568E-25;2,87169E-28;;;;
864;1,168851149E-25;2,94103E-28;;;;
864,2;1,179517396E-25;3,01187E-28;;;;
864,4;1,190286718E-25;3,08424E-28;;;;
864,6;1,201160539E-25;3,15815E-28;;;;
864,8;1,212140297E-25;3,23365E-28;;;;
865;1,223227446E-25;3,31075E-28;;;;
865,2;1,234423452E-25;3,38949E-28;;;;
865,4;1,245729796E-25;3,46991E-28;;;;
865,6;1,257147973E-25;3,55202E-28;;;;
865,8;1,268679489E-25;3,63586E-28;;;;
866;1,280325865E-25;3,72146E-28;;;;
866,2;1,292088633E-25;3,80885E-28;;;;
866,4;1,303969337E-25;3,89807E-28;;;;
866,6;1,315969531E-25;3,98914E-28;;;;
866,8;1,328090782E-25;4,0821E-28;;;;
867;1,340334665E-25;4,17699E-28;;;;
867,2;1,352702766E-25;4,27383E-28;;;;
867,4;1,365196680E-25;4,37266E-28;;;;
867,6;1,377818010E-25;4,47352E-28;;;;
867,8;1,390568368E-25;4,57644E-28;;;;
868;1,403449372E-25;4,68145E-28;;;;
868,2;1,416462648E-25;4,7886E-28;;;;
868,4;1,429609827E-25;4,89791E-28;;;;
868,6;1,442892547E-25;5,00944E-28;;;;
868,8;1,456312448E-25;5,1232E-28;;;;
869;1,469871176E-25;5,23925E-28;;;;
869,2;1,483570380E-25;5,35762E-28;;;;
869,4;1,497411711E-25;5,47835E-28;;;;
869,6;1,511396822E-25;5,60148E-28;;;;
869,8;1,525527366E-25;5,72705E-28;;;;
870;1,539804997E-25;5,85509E-28;;;;
870,2;1,554231368E-25;5,98566E-28;;;;
870,4;1,568808130E-25;6,11879E-28;;;;
870,6;1,583536932E-25;6,25452E-28;;;;
870,8;1,598419419E-25;6,3929E-28;;;;
871;1,613457232E-25;6,53397E-28;;;;
871,2;1,628652007E-25;6,67778E-28;;;;
871,4;1,644005371E-25;6,82436E-28;;;;
871,6;1,659518948E-25;6,97377E-28;;;;
871,8;1,675194351E-25;7,12604E-28;;;;
872;1,691033185E-25;7,28122E-28;;;;
872,2;1,707037042E-25;7,43937E-28;;;;
872,4;1,723207506E-25;7,60052E-28;;;;
872,6;1,739546148E-25;7,76472E-28;;;;
872,8;1,756054522E-25;7,93203E-28;;;;
873;1,772734173E-25;8,10249E-28;;;;
873,2;1,789586624E-25;8,27614E-28;;;;
873,4;1,806613386E-25;8,45305E-28;;;;
873,6;1,823815950E-25;8,63325E-28;;;;
873,8;1,841195788E-25;8,8168E-28;;;;
874;1,858754350E-25;9,00375E-28;;;;
874,2;1,876493067E-25;9,19415E-28;;;;
874,4;1,894413346E-25;9,38805E-28;;;;
874,6;1,912516569E-25;9,58552E-28;;;;
874,8;1,930804095E-25;9,78659E-28;;;;
875;1,949277253E-25;9,99132E-28;;;;
875,2;1,967937347E-25;1,01998E-27;;;;
875,4;1,986785652E-25;1,0412E-27;;;;
875,6;2,005823410E-25;1,06281E-27;;;;
875,8;2,025051835E-25;1,0848E-27;;;;
876;2,044472104E-25;1,10719E-27;;;;
876,2;2,064085364E-25;1,12998E-27;;;;
876,4;2,083892722E-25;1,15317E-27;;;;
876,6;2,103895253E-25;1,17677E-27;;;;
876,8;2,124093989E-25;1,2008E-27;;;;
877;2,144489926E-25;1,22524E-27;;;;
877,2;2,165084017E-25;1,25012E-27;;;;
877,4;2,185877175E-25;1,27543E-27;;;;
877,6;2,206870266E-25;1,30118E-27;;;;
877,8;2,228064115E-25;1,32738E-27;;;;
878;2,249459498E-25;1,35403E-27;;;;
878,2;2,271057145E-25;1,38114E-27;;;;
878,4;2,292857736E-25;1,40872E-27;;;;
878,6;2,314861902E-25;1,43677E-27;;;;
878,8;2,337070222E-25;1,46531E-27;;;;
879;2,359483221E-25;1,49432E-27;;;;
879,2;2,382101372E-25;1,52383E-27;;;;
879,4;2,404925091E-25;1,55384E-27;;;;
879,6;2,427954737E-25;1,58435E-27;;;;
879,8;2,451190612E-25;1,61538E-27;;;;
880;2,474632958E-25;1,64693E-27;;;;
880,2;2,498281955E-25;1,679E-27;;;;
880,4;2,522137724E-25;1,7116E-27;;;;
880,6;2,546200321E-25;1,74474E-27;;;;
880,8;2,570469738E-25;1,77843E-27;;;;
881;2,594945900E-25;1,81268E-27;;;;
881,2;2,619628667E-25;1,84748E-27;;;;
881,4;2,644517830E-25;1,88286E-27;;;;
881,6;2,669613111E-25;1,9188E-27;;;;
881,8;2,694914162E-25;1,95533E-27;;;;
882;2,720420562E-25;1,99245E-27;;;;
882,2;2,746131819E-25;2,03017E-27;;;;
882,4;2,772047367E-25;2,06849E-27;;;;
882,6;2,798166563E-25;2,10743E-27;;;;
882,8;2,824488691E-25;2,14698E-27;;;;
883;2,851012957E-25;2,18716E-27;;;;
883,2;2,877738488E-25;2,22797E-27;;;;
883,4;2,904664334E-25;2,26943E-27;;;;
883,6;2,931789463E-25;2,31153E-27;;;;
883,8;2,959112764E-25;2,3543E-27;;;;
884;2,986633044E-25;2,39773E-27;;;;
884,2;3,014349027E-25;2,44183E-27;;;;
884,4;3,042259353E-25;2,48661E-27;;;;
884,6;3,070362580E-25;2,53209E-27;;;;
884,8;3,098657178E-25;2,57826E-27;;;;
885;3,127141535E-25;2,62513E-27;;;;
885,2;3,155813950E-25;2,67272E-27;;;;
885,4;3,184672636E-25;2,72103E-27;;;;
885,6;3,213715718E-25;2,77007E-27;;;;
885,8;3,242941233E-25;2,81984E-27;;;;
886;3,272347130E-25;2,87036E-27;;;;
886,2;3,301931267E-25;2,92164E-27;;;;
886,4;3,331691414E-25;2,97368E-27;;;;
886,6;3,361625251E-25;3,02649E-27;;;;
886,8;3,391730366E-25;3,08008E-27;;;;
887;3,422004257E-25;3,13445E-27;;;;
887,2;3,452444332E-25;3,18963E-27;;;;
887,4;3,483047906E-25;3,2456E-27;;;;
887,6;3,513812204E-25;3,30239E-27;;;;
887,8;3,544734358E-25;3,36E-27;;;;
888;3,575811408E-25;3,41844E-27;;;;
888,2;3,607040304E-25;3,47773E-27;;;;
888,4;3,638417903E-25;3,53785E-27;;;;
888,6;3,669940970E-25;3,59884E-27;;;;
888,8;3,701606178E-25;3,66069E-27;;;;
889;3,733410110E-25;3,72341E-27;;;;
889,2;3,765349257E-25;3,78702E-27;;;;
889,4;3,797420016E-25;3,85151E-27;;;;
889,6;3,829618698E-25;3,91691E-27;;;;
889,8;3,861941520E-25;3,98322E-27;;;;
890;3,894384611E-25;4,05044E-27;;;;
890,2;3,926944007E-25;4,11859E-27;;;;
890,4;3,959615659E-25;4,18768E-27;;;;
890,6;3,992395427E-25;4,25771E-27;;;;
890,8;4,025279083E-25;4,32869E-27;;;;
891;4,058262311E-25;4,40064E-27;;;;
891,2;4,091340712E-25;4,47356E-27;;;;
891,4;4,124509795E-25;4,54746E-27;;;;
891,6;4,157764989E-25;4,62235E-27;;;;
891,8;4,191101637E-25;4,69823E-27;;;;
892;4,224514999E-25;4,77513E-27;;;;
892,2;4,258000250E-25;4,85304E-27;;;;
892,4;4,291552488E-25;4,93198E-27;;;;
892,6;4,325166727E-25;5,01195E-27;;;;
892,8;4,358837904E-25;5,09297E-27;;;;
893;4,392560878E-25;5,17504E-27;;;;
893,2;4,426330430E-25;5,25817E-27;;;;
893,4;4,460141266E-25;5,34238E-27;;;;
893,6;4,493988018E-25;5,42766E-27;;;;
893,8;4,527865246E-25;5,51404E-27;;;;
894;4,561767438E-25;5,60151E-27;;;;
894,2;4,595689011E-25;5,69009E-27;;;;
894,4;4,629624316E-25;5,77979E-27;;;;
894,6;4,663567635E-25;5,87061E-27;;;;
894,8;4,697513186E-25;5,96257E-27;;;;
895;4,731455125E-25;6,05567E-27;;;;
895,2;4,765387544E-25;6,14992E-27;;;;
895,4;4,799304475E-25;6,24534E-27;;;;
895,6;4,833199895E-25;6,34193E-27;;;;
895,8;4,867067720E-25;6,4397E-27;;;;
896;4,900901817E-25;6,53865E-27;;;;
896,2;4,934695996E-25;6,63881E-27;;;;
896,4;4,968444018E-25;6,74017E-27;;;;
896,6;5,002139598E-25;6,84275E-27;;;;
896,8;5,035776402E-25;6,94655E-27;;;;
897;5,069348052E-25;7,05159E-27;;;;
897,2;5,102848130E-25;7,15787E-27;;;;
897,4;5,136270174E-25;7,2654E-27;;;;
897,6;5,169607690E-25;7,37419E-27;;;;
897,8;5,202854145E-25;7,48425E-27;;;;
898;5,236002972E-25;7,59559E-27;;;;
898,2;5,269047576E-25;7,70821E-27;;;;
898,4;5,301981333E-25;7,82213E-27;;;;
898,6;5,334797592E-25;7,93736E-27;;;;
898,8;5,367489679E-25;8,05389E-27;;;;
899;5,400050898E-25;8,17175E-27;;;;
899,2;5,432474535E-25;8,29094E-27;;;;
899,4;5,464753861E-25;8,41146E-27;;;;
899,6;5,496882132E-25;8,53333E-27;;;;
899,8;5,528852592E-25;8,65655E-27;;;;
900;5,560658478E-25;8,78114E-27;;;;
900,2;5,592293020E-25;8,9071E-27;;;;
900,4;5,623749446E-25;9,03443E-27;;;;
900,6;5,655020982E-25;9,16316E-27;;;;
900,8;5,686100856E-25;9,29328E-27;;;;
901;5,716982301E-25;9,4248E-27;;;;
901,2;5,747658557E-25;9,55773E-27;;;;
901,4;5,778122873E-25;9,69209E-27;;;;
901,6;5,808368511E-25;9,82787E-27;;;;
901,8;5,838388750E-25;9,96508E-27;;;;
902;5,868176884E-25;1,01037E-26;;;;
902,2;5,897726229E-25;1,02438E-26;;;;
902,4;5,927030124E-25;1,03854E-26;;;;
902,6;5,956081935E-25;1,05284E-26;;;;
902,8;5,984875056E-25;1,06729E-26;;;;
903;6,013402911E-25;1,08189E-26;;;;
903,2;6,041658960E-25;1,09664E-26;;;;
903,4;6,069636699E-25;1,11153E-26;;;;
903,6;6,097329663E-25;1,12658E-26;;;;
903,8;6,124731430E-25;1,14178E-26;;;;
904;6,151835623E-25;1,15713E-26;;;;
904,2;6,178635911E-25;1,17263E-26;;;;
904,4;6,205126015E-25;1,18828E-26;;;;
904,6;6,231299706E-25;1,20409E-26;;;;
904,8;6,257150813E-25;1,22005E-26;;;;
905;6,282673221E-25;1,23616E-26;;;;
905,2;6,307860878E-25;1,25243E-26;;;;
905,4;6,332707791E-25;1,26886E-26;;;;
905,6;6,357208037E-25;1,28544E-26;;;;
905,8;6,381355758E-25;1,30218E-26;;;;
906;6,405145168E-25;1,31908E-26;;;;
906,2;6,428570553E-25;1,33614E-26;;;;
906,4;6,451626275E-25;1,35335E-26;;;;
906,6;6,474306774E-25;1,37073E-26;;;;
906,8;6,496606571E-25;1,38826E-26;;;;
907;6,518520266E-25;1,40596E-26;;;;
907,2;6,540042549E-25;1,42381E-26;;;;
907,4;6,561168193E-25;1,44183E-26;;;;
907,6;6,581892061E-25;1,46001E-26;;;;
907,8;6,602209111E-25;1,47835E-26;;;;
908;6,622114389E-25;1,49685E-26;;;;
908,2;6,641603042E-25;1,51552E-26;;;;
908,4;6,660670312E-25;1,53435E-26;;;;
908,6;6,679311541E-25;1,55335E-26;;;;
908,8;6,697522174E-25;1,57251E-26;;;;
909;6,715297759E-25;1,59183E-26;;;;
909,2;6,732633949E-25;1,61132E-26;;;;
909,4;6,749526508E-25;1,63098E-26;;;;
909,6;6,765971305E-25;1,6508E-26;;;;
909,8;6,781964322E-25;1,67079E-26;;;;
910;6,797501655E-25;1,69094E-26;;;;
910,2;6,812579513E-25;1,71127E-26;;;;
910,4;6,827194221E-25;1,73175E-26;;;;
910,6;6,841342223E-25;1,75241E-26;;;;
910,8;6,855020081E-25;1,77323E-26;;;;
911;6,868224478E-25;1,79423E-26;;;;
911,2;6,880952219E-25;1,81539E-26;;;;
911,4;6,893200232E-25;1,83671E-26;;;;
911,6;6,904965571E-25;1,85821E-26;;;;
911,8;6,916245414E-25;1,87988E-26;;;;
912;6,927037067E-25;1,90171E-26;;;;
912,2;6,937337964E-25;1,92372E-26;;;;
912,4;6,947145668E-25;1,94589E-26;;;;
912,6;6,956457874E-25;1,96823E-26;;;;
912,8;6,965272404E-25;1,99074E-26;;;;
913;6,973587218E-25;2,01342E-26;;;;
913,2;6,981400403E-25;2,03627E-26;;;;
913,4;6,988710184E-25;2,05929E-26;;;;
913,6;6,995514917E-25;2,08248E-26;;;;
913,8;7,001813096E-25;2,10584E-26;;;;
914;7,007603350E-25;2,12936E-26;;;;
914,2;7,012884442E-25;2,15306E-26;;;;
914,4;7,017655275E-25;2,17693E-26;;;;
914,6;7,021914885E-25;2,20096E-26;;;;
914,8;7,025662450E-25;2,22517E-26;;;;
915;7,028897283E-25;2,24954E-26;;;;
915,2;7,031618836E-25;2,27408E-26;;;;
915,4;7,033826698E-25;2,29879E-26;;;;
915,6;7,035520598E-25;2,32367E-26;;;;
915,8;7,036700402E-25;2,34872E-26;;;;
916;7,037366117E-25;2,37393E-26;;;;
916,2;7,037517884E-25;2,39932E-26;;;;
916,4;7,037155988E-25;2,42487E-26;;;;
916,6;7,036280847E-25;2,45058E-26;;;;
916,8;7,034893021E-25;2,47647E-26;;;;
917;7,032993205E-25;2,50252E-26;;;;
917,2;7,030582234E-25;2,52874E-26;;;;
917,4;7,027661079E-25;2,55512E-26;;;;
917,6;7,024230847E-25;2,58167E-26;;;;
917,8;7,020292782E-25;2,60838E-26;;;;
918;7,015848266E-25;2,63526E-26;;;;
918,2;7,010898812E-25;2,6623E-26;;;;
918,4;7,005446072E-25;2,68951E-26;;;;
918,6;6,999491829E-25;2,71688E-26;;;;
918,8;6,993038001E-25;2,74441E-26;;;;
919;6,986086640E-25;2,7721E-26;;;;
919,2;6,978639926E-25;2,79996E-26;;;;
919,4;6,970700174E-25;2,82797E-26;;;;
919,6;6,962269829E-25;2,85615E-26;;;;
919,8;6,953351462E-25;2,88449E-26;;;;
920;6,943947777E-25;2,91298E-26;;;;
920,2;6,934061602E-25;2,94164E-26;;;;
920,4;6,923695893E-25;2,97045E-26;;;;
920,6;6,912853733E-25;2,99942E-26;;;;
920,8;6,901538327E-25;3,02854E-26;;;;
921;6,889753004E-25;3,05782E-26;;;;
921,2;6,877501217E-25;3,08725E-26;;;;
921,4;6,864786537E-25;3,11684E-26;;;;
921,6;6,851612659E-25;3,14659E-26;;;;
921,8;6,837983392E-25;3,17648E-26;;;;
922;6,823902666E-25;3,20652E-26;;;;
922,2;6,809374525E-25;3,23672E-26;;;;
922,4;6,794403130E-25;3,26707E-26;;;;
922,6;6,778992755E-25;3,29756E-26;;;;
922,8;6,763147785E-25;3,3282E-26;;;;
923;6,746872716E-25;3,35899E-26;;;;
923,2;6,730172156E-25;3,38992E-26;;;;
923,4;6,713050818E-25;3,421E-26;;;;
923,6;6,695513524E-25;3,45222E-26;;;;
923,8;6,677565200E-25;3,48359E-26;;;;
924;6,659210878E-25;3,51509E-26;;;;
924,2;6,640455690E-25;3,54674E-26;;;;
924,4;6,621304870E-25;3,57852E-26;;;;
924,6;6,601763752E-25;3,61045E-26;;;;
924,8;6,581837767E-25;3,64251E-26;;;;
925;6,561532445E-25;3,6747E-26;;;;
925,2;6,540853409E-25;3,70703E-26;;;;
925,4;6,519806376E-25;3,73949E-26;;;;
925,6;6,498397156E-25;3,77209E-26;;;;
925,8;6,476631648E-25;3,80482E-26;;;;
926;6,454515843E-25;3,83767E-26;;;;
926,2;6,432055816E-25;3,87065E-26;;;;
926,4;6,409257731E-25;3,90376E-26;;;;
926,6;6,386127836E-25;3,937E-26;;;;
926,8;6,362672462E-25;3,97036E-26;;;;
927;6,338898020E-25;4,00384E-26;;;;
927,2;6,314811004E-25;4,03744E-26;;;;
927,4;6,290417985E-25;4,07116E-26;;;;
927,6;6,265725610E-25;4,10501E-26;;;;
927,8;6,240740604E-25;4,13896E-26;;;;
928;6,215469764E-25;4,17304E-26;;;;
928,2;6,189919962E-25;4,20722E-26;;;;
928,4;6,164098138E-25;4,24152E-26;;;;
928,6;6,138011304E-25;4,27593E-26;;;;
928,8;6,111666538E-25;4,31045E-26;;;;
929;6,085070988E-25;4,34508E-26;;;;
929,2;6,058231863E-25;4,37982E-26;;;;
929,4;6,031156438E-25;4,41466E-26;;;;
929,6;6,003852051E-25;4,4496E-26;;;;
929,8;5,976326097E-25;4,48464E-26;;;;
930;5,948586035E-25;4,51979E-26;;;;
930,2;5,920639378E-25;4,55503E-26;;;;
930,4;5,892493696E-25;4,59037E-26;;;;
930,6;5,864156615E-25;4,62581E-26;;;;
930,8;5,835635814E-25;4,66134E-26;;;;
931;5,806939021E-25;4,69696E-26;;;;
931,2;5,778074019E-25;4,73268E-26;;;;
931,4;5,749048636E-25;4,76848E-26;;;;
931,6;5,719870748E-25;4,80437E-26;;;;
931,8;5,690548279E-25;4,84035E-26;;;;
932;5,661089194E-25;4,87641E-26;;;;
932,2;5,631501503E-25;4,91255E-26;;;;
932,4;5,601793256E-25;4,94878E-26;;;;
932,6;5,571972544E-25;4,98509E-26;;;;
932,8;5,542047495E-25;5,02147E-26;;;;
933;5,512026274E-25;5,05794E-26;;;;
933,2;5,481917080E-25;5,09448E-26;;;;
933,4;5,451728147E-25;5,13109E-26;;;;
933,6;5,421467740E-25;5,16778E-26;;;;
933,8;5,391144153E-25;5,20454E-26;;;;
934;5,360765710E-25;5,24137E-26;;;;
934,2;5,330340762E-25;5,27828E-26;;;;
934,4;5,299877682E-25;5,31525E-26;;;;
934,6;5,269384870E-25;5,35228E-26;;;;
934,8;5,238870745E-25;5,38939E-26;;;;
935;5,208343748E-25;5,42656E-26;;;;
935,2;5,177812334E-25;5,46379E-26;;;;
935,4;5,147284977E-25;5,50109E-26;;;;
935,6;5,116770165E-25;5,53845E-26;;;;
935,8;5,086276397E-25;5,57588E-26;;;;
936;5,055812182E-25;5,61337E-26;;;;
936,2;5,025386038E-25;5,65092E-26;;;;
936,4;4,995006487E-25;5,68853E-26;;;;
936,6;4,964682057E-25;5,7262E-26;;;;
936,8;4,934421276E-25;5,76393E-26;;;;
937;4,904232672E-25;5,80172E-26;;;;
937,2;4,874124770E-25;5,83958E-26;;;;
937,4;4,844106089E-25;5,8775E-26;;;;
937,6;4,814185141E-25;5,91548E-26;;;;
937,8;4,784370427E-25;5,95352E-26;;;;
938;4,754670436E-25;5,99162E-26;;;;
938,2;4,725093640E-25;6,02979E-26;;;;
938,4;4,695648496E-25;6,06803E-26;;;;
938,6;4,666343438E-25;6,10633E-26;;;;
938,8;4,637186875E-25;6,1447E-26;;;;
939;4,608187193E-25;6,18314E-26;;;;
939,2;4,579352745E-25;6,22166E-26;;;;
939,4;4,550691855E-25;6,26025E-26;;;;
939,6;4,522212808E-25;6,29892E-26;;;;
939,8;4,493923853E-25;6,33766E-26;;;;
940;4,465833196E-25;6,37649E-26;;;;
940,2;4,437948998E-25;6,41541E-26;;;;
940,4;4,410279371E-25;6,45442E-26;;;;
940,6;4,382832374E-25;6,49352E-26;;;;
940,8;4,355616012E-25;6,53273E-26;;;;
941;4,328638230E-25;6,57203E-26;;;;
941,2;4,301906910E-25;6,61145E-26;;;;
941,4;4,275429867E-25;6,65098E-26;;;;
941,6;4,249214846E-25;6,69063E-26;;;;
941,8;4,223269518E-25;6,73041E-26;;;;
942;4,197601474E-25;6,77032E-26;;;;
942,2;4,172218223E-25;6,81037E-26;;;;
942,4;4,147127188E-25;6,85057E-26;;;;
942,6;4,122335700E-25;6,89092E-26;;;;
942,8;4,097850996E-25;6,93144E-26;;;;
943;4,073680214E-25;6,97214E-26;;;;
943,2;4,049830385E-25;7,01302E-26;;;;
943,4;4,026308435E-25;7,0541E-26;;;;
943,6;4,003121176E-25;7,09538E-26;;;;
943,8;3,980275303E-25;7,13687E-26;;;;
944;3,957777388E-25;7,1786E-26;;;;
944,2;3,935633876E-25;7,22057E-26;;;;
944,4;3,913851082E-25;7,26279E-26;;;;
944,6;3,892435185E-25;7,30528E-26;;;;
944,8;3,871392222E-25;7,34806E-26;;;;
945;3,850728083E-25;7,39113E-26;;;;
945,2;3,830448510E-25;7,43453E-26;;;;
945,4;3,810559088E-25;7,47825E-26;;;;
945,6;3,791065242E-25;7,52233E-26;;;;
945,8;3,771972231E-25;7,56677E-26;;;;
946;3,753285145E-25;7,6116E-26;;;;
946,2;3,735008896E-25;7,65684E-26;;;;
946,4;3,717148219E-25;7,70251E-26;;;;
946,6;3,699707663E-25;7,74863E-26;;;;
946,8;3,682691587E-25;7,79523E-26;;;;
947;3,666104153E-25;7,84232E-26;;;;
947,2;3,649949327E-25;7,88994E-26;;;;
947,4;3,634230869E-25;7,9381E-26;;;;
947,6;3,618952328E-25;7,98684E-26;;;;
947,8;3,604117040E-25;8,03618E-26;;;;
948;3,589728125E-25;8,08614E-26;;;;
948,2;3,575788475E-25;8,13677E-26;;;;
948,4;3,562300757E-25;8,18809E-26;;;;
948,6;3,549267405E-25;8,24013E-26;;;;
948,8;3,536690617E-25;8,29292E-26;;;;
949;3,524572349E-25;8,3465E-26;;;;
949,2;3,512914311E-25;8,40089E-26;;;;
949,4;3,501717966E-25;8,45615E-26;;;;
949,6;3,490984521E-25;8,51229E-26;;;;
949,8;3,480714929E-25;8,56937E-26;;;;
950;3,470909878E-25;8,62741E-26;;;;
950,2;3,461569796E-25;8,68646E-26;;;;
950,4;3,452694840E-25;8,74656E-26;;;;
950,6;3,444284896E-25;8,80775E-26;;;;
950,8;3,436339577E-25;8,87007E-26;;;;
951;3,428858219E-25;8,93357E-26;;;;
951,2;3,421839875E-25;8,99828E-26;;;;
951,4;3,415283320E-25;9,06426E-26;;;;
951,6;3,409187040E-25;9,13156E-26;;;;
951,8;3,403549235E-25;9,20021E-26;;;;
952;3,398367817E-25;9,27026E-26;;;;
952,2;3,393640406E-25;9,34178E-26;;;;
952,4;3,389364329E-25;9,41479E-26;;;;
952,6;3,385536620E-25;9,48937E-26;;;;
952,8;3,382154018E-25;9,56555E-26;;;;
953;3,379212965E-25;9,64339E-26;;;;
953,2;3,376709610E-25;9,72295E-26;;;;
953,4;3,374639801E-25;9,80427E-26;;;;
953,6;3,372999092E-25;9,88741E-26;;;;
953,8;3,371782740E-25;9,97243E-26;;;;
954;3,370985705E-25;1,00594E-25;;;;
954,2;3,370602652E-25;1,01483E-25;;;;
954,4;3,370627951E-25;1,02393E-25;;;;
954,6;3,371055681E-25;1,03324E-25;;;;
954,8;3,371879627E-25;1,04276E-25;;;;
955;3,373093285E-25;1,05251E-25;;;;
955,2;3,374689865E-25;1,06248E-25;;;;
955,4;3,376662289E-25;1,07268E-25;;;;
955,6;3,379003200E-25;1,08313E-25;;;;
955,8;3,381704959E-25;1,09381E-25;;;;
956;3,384759653E-25;1,10475E-25;;;;
956,2;3,388159095E-25;1,11595E-25;;;;
956,4;3,391894831E-25;1,1274E-25;;;;
956,6;3,395958143E-25;1,13912E-25;;;;
956,8;3,400340054E-25;1,15112E-25;;;;
957;3,405031330E-25;1,16339E-25;;;;
957,2;3,410022491E-25;1,17595E-25;;;;
957,4;3,415303812E-25;1,18879E-25;;;;
957,6;3,420865328E-25;1,20193E-25;;;;
957,8;3,426696846E-25;1,21537E-25;;;;
958;3,432787946E-25;1,22911E-25;;;;
958,2;3,439127988E-25;1,24316E-25;;;;
958,4;3,445706126E-25;1,25753E-25;;;;
958,6;3,452511306E-25;1,27222E-25;;;;
958,8;3,459532282E-25;1,28722E-25;;;;
959;3,466757623E-25;1,30256E-25;;;;
959,2;3,474175721E-25;1,31823E-25;;;;
959,4;3,481774803E-25;1,33423E-25;;;;
959,6;3,489542945E-25;1,35058E-25;;;;
959,8;3,497468084E-25;1,36727E-25;;;;
960;3,505538032E-25;1,3843E-25;;;;
960,2;3,513740500E-25;1,40169E-25;;;;
960,4;3,522063117E-25;1,41942E-25;;;;
960,6;3,530493458E-25;1,43752E-25;;;;
960,8;3,539019080E-25;1,45597E-25;;;;
961;3,547627565E-25;1,47478E-25;;;;
961,2;3,556306570E-25;1,49395E-25;;;;
961,4;3,565043902E-25;1,51349E-25;;;;
961,6;3,573827603E-25;1,53339E-25;;;;
961,8;3,582646060E-25;1,55366E-25;;;;
962;3,591488155E-25;1,5743E-25;;;;
962,2;3,600343441E-25;1,59531E-25;;;;
962,4;3,609202377E-25;1,61669E-25;;;;
962,6;3,618056629E-25;1,63845E-25;;;;
962,8;3,626899433E-25;1,66058E-25;;;;
963;3,635726076E-25;1,68309E-25;;;;
963,2;3,644534472E-25;1,70599E-25;;;;
963,4;3,653325901E-25;1,72927E-25;;;;
963,6;3,662105904E-25;1,75296E-25;;;;
963,8;3,670885396E-25;1,77704E-25;;;;
964;3,679682018E-25;1,80155E-25;;;;
964,2;3,688521776E-25;1,8265E-25;;;;
964,4;3,697441013E-25;1,85191E-25;;;;
964,6;3,706488771E-25;1,87782E-25;;;;
964,8;3,715729582E-25;1,90426E-25;;;;
965;3,725246760E-25;1,93128E-25;;;;
965,2;3,735146235E-25;1,95896E-25;;;;
965,4;3,745560992E-25;1,98737E-25;;;;
965,6;3,756656153E-25;2,01661E-25;;;;
965,8;3,768634754E-25;2,04682E-25;;;;
966;3,781744228E-25;2,07815E-25;;;;
966,2;3,796283615E-25;2,11078E-25;;;;
966,4;3,812611487E-25;2,14497E-25;;;;
966,6;3,831154531E-25;2,18098E-25;;;;
966,8;3,852416740E-25;2,21915E-25;;;;
967;3,876989068E-25;2,25989E-25;;;;
967,2;3,905559417E-25;2,30366E-25;;;;
967,4;3,938922720E-25;2,35102E-25;;;;
967,6;3,977990861E-25;2,40262E-25;;;;
967,8;4,023802113E-25;2,45921E-25;;;;
968;4,077529690E-25;2,52165E-25;;;;
968,2;4,140488986E-25;2,59092E-25;;;;
968,4;4,214142990E-25;2,66813E-25;;;;
968,6;4,300105327E-25;2,75454E-25;;;;
968,8;4,400140353E-25;2,85153E-25;;;;
969;4,516159681E-25;2,96064E-25;;;;
969,2;4,650214542E-25;3,08357E-25;;;;
969,4;4,804483375E-25;3,22214E-25;;;;
969,6;4,981254112E-25;3,37835E-25;;;;
969,8;5,182900666E-25;3,55428E-25;;;;
970;5,411853273E-25;3,75216E-25;;;;
970,2;5,670562435E-25;3,9743E-25;;;;
970,4;5,961456418E-25;4,22308E-25;;;;
970,6;6,286892422E-25;4,50091E-25;;;;
970,8;6,649101808E-25;4,8102E-25;;;;
971;7,050129969E-25;5,15328E-25;;;;
971,2;7,491771741E-25;5,53241E-25;;;;
971,4;7,975503486E-25;5,94966E-25;;;;
971,6;8,502413265E-25;6,40689E-25;;;;
971,8;9,073130757E-25;6,90567E-25;;;;
972;9,687758817E-25;7,4472E-25;;;;
972,2;1,034580873E-24;8,03226E-25;;;;
972,4;1,104614135E-24;8,66112E-25;;;;
972,6;1,178691645E-24;9,3335E-25;;;;
972,8;1,256555239E-24;1,00485E-24;;;;
973;1,337869844E-24;1,08045E-24;;;;
973,2;1,422222162E-24;1,15993E-24;;;;
973,4;1,509120980E-24;1,24297E-24;;;;
973,6;1,597999243E-24;1,3292E-24;;;;
973,8;1,688217989E-24;1,41816E-24;;;;
974;1,779072174E-24;1,50931E-24;;;;
974,2;1,869798391E-24;1,60203E-24;;;;
974,4;1,959584405E-24;1,69567E-24;;;;
974,6;2,047580365E-24;1,78948E-24;;;;
974,8;2,132911517E-24;1,88267E-24;;;;
975;2,214692153E-24;1,97441E-24;;;;
975,2;2,292040504E-24;2,06384E-24;;;;
975,4;2,364094235E-24;2,15009E-24;;;;
975,6;2,430026159E-24;2,23228E-24;;;;
975,8;2,489059773E-24;2,30955E-24;;;;
976;2,540484215E-24;2,38106E-24;;;;
976,2;2,583668229E-24;2,44603E-24;;;;
976,4;2,618072759E-24;2,50371E-24;;;;
976,6;2,643261818E-24;2,55345E-24;;;;
976,8;2,658911332E-24;2,59468E-24;;;;
977;2,664815695E-24;2,62693E-24;;;;
977,2;2,660891866E-24;2,64983E-24;;;;
977,4;2,647180879E-24;2,66312E-24;;;;
977,6;2,623846741E-24;2,66669E-24;;;;
977,8;2,591172752E-24;2,66051E-24;;;;
978;2,549555363E-24;2,64469E-24;;;;
978,2;2,499495759E-24;2,61948E-24;;;;
978,4;2,441589413E-24;2,58522E-24;;;;
978,6;2,376513923E-24;2,54236E-24;;;;
978,8;2,305015469E-24;2,49146E-24;;;;
979;2,227894270E-24;2,43315E-24;;;;
979,2;2,145989440E-24;2,36813E-24;;;;
979,4;2,060163633E-24;2,29719E-24;;;;
979,6;1,971287857E-24;2,22114E-24;;;;
979,8;1,880226844E-24;2,14081E-24;;;;
980;1,787825284E-24;2,05708E-24;;;;
980,2;1,694895228E-24;1,97079E-24;;;;
980,4;1,602204885E-24;1,8828E-24;;;;
980,6;1,510469022E-24;1,79391E-24;;;;
980,8;1,420341069E-24;1,70491E-24;;;;
981;1,332407026E-24;1,61652E-24;;;;
981,2;1,247181167E-24;1,52942E-24;;;;
981,4;1,165103519E-24;1,44422E-24;;;;
981,6;1,086539037E-24;1,36144E-24;;;;
981,8;1,011778334E-24;1,28157E-24;;;;
982;9,410398291E-25;1,20499E-24;;;;
982,2;8,744731275E-25;1,13201E-24;;;;
982,4;8,121634268E-25;1,06289E-24;;;;
982,6;7,541367554E-25;9,97797E-25;;;;
982,8;7,003658253E-25;9,36846E-25;;;;
983;6,507762996E-25;8,80086E-25;;;;
983,2;6,052532803E-25;8,27513E-25;;;;
983,4;5,636478410E-25;7,79071E-25;;;;
983,6;5,257834448E-25;7,34664E-25;;;;
983,8;4,914621133E-25;6,94159E-25;;;;
984;4,604702335E-25;6,57392E-25;;;;
984,2;4,325839149E-25;6,24177E-25;;;;
984,4;4,075738314E-25;5,94308E-25;;;;
984,6;3,852095077E-25;5,67569E-25;;;;
984,8;3,652630262E-25;5,43734E-25;;;;
985;3,475121542E-25;5,22577E-25;;;;
985,2;3,317429027E-25;5,03871E-25;;;;
985,4;3,177515436E-25;4,87393E-25;;;;
985,6;3,053461225E-25;4,7293E-25;;;;
985,8;2,943475096E-25;4,60274E-25;;;;
986;2,845900415E-25;4,49233E-25;;;;
986,2;2,759218024E-25;4,39622E-25;;;;
986,4;2,682046012E-25;4,31275E-25;;;;
986,6;2,613136947E-25;4,24034E-25;;;;
986,8;2,551373072E-25;4,17758E-25;;;;
987;2,495759944E-25;4,12318E-25;;;;
987,2;2,445418912E-25;4,076E-25;;;;
987,4;2,399578835E-25;4,035E-25;;;;
987,6;2,357567361E-25;3,99928E-25;;;;
987,8;2,318802028E-25;3,96802E-25;;;;
988;2,282781437E-25;3,94055E-25;;;;
988,2;2,249076663E-25;3,91625E-25;;;;
988,4;2,217323059E-25;3,8946E-25;;;;
988,6;2,187212533E-25;3,87516E-25;;;;
988,8;2,158486397E-25;3,85756E-25;;;;
989;2,130928794E-25;3,84147E-25;;;;
989,2;2,104360754E-25;3,82664E-25;;;;
989,4;2,078634850E-25;3,81284E-25;;;;
989,6;2,053630451E-25;3,7999E-25;;;;
989,8;2,029249542E-25;3,78767E-25;;;;
990;2,005413070E-25;3,77603E-25;;;;
990,2;1,982057778E-25;3,76489E-25;;;;
990,4;1,959133483E-25;3,75419E-25;;;;
990,6;1,936600755E-25;3,74386E-25;;;;
990,8;1,914428945E-25;3,73387E-25;;;;
991;1,892594532E-25;3,72419E-25;;;;
991,2;1,871079732E-25;3,71479E-25;;;;
991,4;1,849871350E-25;3,70568E-25;;;;
991,6;1,828959832E-25;3,69684E-25;;;;
991,8;1,808338481E-25;3,68828E-25;;;;
992;1,788002826E-25;3,67999E-25;;;;
992,2;1,767950105E-25;3,67199E-25;;;;
992,4;1,748178849E-25;3,6643E-25;;;;
992,6;1,728688553E-25;3,65691E-25;;;;
992,8;1,709479408E-25;3,64984E-25;;;;
993;1,690552097E-25;3,64311E-25;;;;
993,2;1,671907622E-25;3,63674E-25;;;;
993,4;1,653547184E-25;3,63073E-25;;;;
993,6;1,635472077E-25;3,6251E-25;;;;
993,8;1,617683615E-25;3,61988E-25;;;;
994;1,600183071E-25;3,61507E-25;;;;
994,2;1,582971630E-25;3,61069E-25;;;;
994,4;1,566050363E-25;3,60675E-25;;;;
994,6;1,549420192E-25;3,60328E-25;;;;
994,8;1,533081882E-25;3,60028E-25;;;;
995;1,517036021E-25;3,59777E-25;;;;
995,2;1,501283015E-25;3,59576E-25;;;;
995,4;1,485823079E-25;3,59427E-25;;;;
995,6;1,470656238E-25;3,5933E-25;;;;
995,8;1,455782322E-25;3,59288E-25;;;;
996;1,441200968E-25;3,59301E-25;;;;
996,2;1,426911620E-25;3,59369E-25;;;;
996,4;1,412913529E-25;3,59496E-25;;;;
996,6;1,399205759E-25;3,5968E-25;;;;
996,8;1,385787187E-25;3,59924E-25;;;;
997;1,372656509E-25;3,60227E-25;;;;
997,2;1,359812239E-25;3,60592E-25;;;;
997,4;1,347252719E-25;3,61018E-25;;;;
997,6;1,334976116E-25;3,61507E-25;;;;
997,8;1,322980431E-25;3,62058E-25;;;;
998;1,311263504E-25;3,62673E-25;;;;
998,2;1,299823013E-25;3,63352E-25;;;;
998,4;1,288656483E-25;3,64095E-25;;;;
998,6;1,277761291E-25;3,64903E-25;;;;
998,8;1,267134664E-25;3,65776E-25;;;;
999;1,256773694E-25;3,66714E-25;;;;
999,2;1,246675334E-25;3,67718E-25;;;;
999,4;1,236836406E-25;3,68788E-25;;;;
999,6;1,227253607E-25;3,69924E-25;;;;
999,8;1,217923511E-25;3,71125E-25;;;;
1000;1,208842576E-25;3,72393E-25;;;;
1000,2;1,200007148E-25;3,73726E-25;;;;
1000,4;1,191413465E-25;3,75124E-25;;;;
1000,6;1,183057666E-25;3,76588E-25;;;;
1000,8;1,174935788E-25;3,78118E-25;;;;
1001;1,167043780E-25;3,79712E-25;;;;
1001,2;1,159377500E-25;3,8137E-25;;;;
1001,4;1,151932725E-25;3,83093E-25;;;;
1001,6;1,144705155E-25;3,84879E-25;;;;
1001,8;1,137690414E-25;3,86728E-25;;;;
1002;1,130884060E-25;3,8864E-25;;;;
1002,2;1,124281588E-25;3,90614E-25;;;;
1002,4;1,117878432E-25;3,92649E-25;;;;
1002,6;1,111669973E-25;3,94744E-25;;;;
1002,8;1,105651543E-25;3,96899E-25;;;;
1003;1,099818429E-25;3,99113E-25;;;;
1003,2;1,094165877E-25;4,01386E-25;;;;
1003,4;1,088689098E-25;4,03715E-25;;;;
1003,6;1,083383273E-25;4,06101E-25;;;;
1003,8;1,078243553E-25;4,08542E-25;;;;
1004;1,073265069E-25;4,11037E-25;;;;
1004,2;1,068442934E-25;4,13586E-25;;;;
1004,4;1,063772246E-25;4,16187E-25;;;;
1004,6;1,059248094E-25;4,18838E-25;;;;
1004,8;1,054865561E-25;4,2154E-25;;;;
1005;1,050619730E-25;4,2429E-25;;;;
1005,2;1,046505683E-25;4,27088E-25;;;;
1005,4;1,042518513E-25;4,29932E-25;;;;
1005,6;1,038653318E-25;4,32821E-25;;;;
1005,8;1,034905216E-25;4,35753E-25;;;;
1006;1,031269336E-25;4,38727E-25;;;;
1006,2;1,027740834E-25;4,41743E-25;;;;
1006,4;1,024314888E-25;4,44798E-25;;;;
1006,6;1,020986702E-25;4,4789E-25;;;;
1006,8;1,017751517E-25;4,5102E-25;;;;
1007;1,014604603E-25;4,54184E-25;;;;
1007,2;1,011541272E-25;4,57382E-25;;;;
1007,4;1,008556875E-25;4,60612E-25;;;;
1007,6;1,005646808E-25;4,63873E-25;;;;
1007,8;1,002806512E-25;4,67162E-25;;;;
1008;1,000031479E-25;4,70479E-25;;;;
1008,2;9,973172538E-26;4,73822E-25;;;;
1008,4;9,946594357E-26;4,77189E-25;;;;
1008,6;9,920536813E-26;4,80579E-25;;;;
1008,8;9,894957075E-26;4,8399E-25;;;;
1009;9,869812933E-26;4,8742E-25;;;;
1009,2;9,845062825E-26;4,90868E-25;;;;
1009,4;9,820665855E-26;4,94332E-25;;;;
1009,6;9,796581814E-26;4,97811E-25;;;;
1009,8;9,772771203E-26;5,01302E-25;;;;
1010;9,749195248E-26;5,04804E-25;;;;
1010,2;9,725815920E-26;5,08316E-25;;;;
1010,4;9,702595952E-26;5,11836E-25;;;;
1010,6;9,679498853E-26;5,15361E-25;;;;
1010,8;9,656488926E-26;5,18891E-25;;;;
1011;9,633531279E-26;5,22424E-25;;;;
1011,2;9,610591841E-26;5,25958E-25;;;;
1011,4;9,587637373E-26;5,29492E-25;;;;
1011,6;9,564635479E-26;5,33023E-25;;;;
1011,8;9,541554620E-26;5,3655E-25;;;;
1012;9,518364117E-26;5,40071E-25;;;;
1012,2;9,495034167E-26;5,43586E-25;;;;
1012,4;9,471535846E-26;5,47091E-25;;;;
1012,6;9,447841118E-26;5,50586E-25;;;;
1012,8;9,423922843E-26;5,54068E-25;;;;
1013;9,399754777E-26;5,57537E-25;;;;
1013,2;9,375311583E-26;5,60991E-25;;;;
1013,4;9,350568831E-26;5,64427E-25;;;;
1013,6;9,325502999E-26;5,67845E-25;;;;
1013,8;9,300091483E-26;5,71242E-25;;;;
1014;9,274312589E-26;5,74618E-25;;;;
1014,2;9,248145539E-26;5,77971E-25;;;;
1014,4;9,221570470E-26;5,81299E-25;;;;
1014,6;9,194568433E-26;5,846E-25;;;;
1014,8;9,167121391E-26;5,87874E-25;;;;
1015;9,139212217E-26;5,91118E-25;;;;
1015,2;9,110824690E-26;5,94331E-25;;;;
1015,4;9,081943492E-26;5,97512E-25;;;;
1015,6;9,052554206E-26;6,0066E-25;;;;
1015,8;9,022643305E-26;6,03772E-25;;;;
1016;8,992198154E-26;6,06848E-25;;;;
1016,2;8,961206998E-26;6,09887E-25;;;;
1016,4;8,929658955E-26;6,12886E-25;;;;
1016,6;8,897544013E-26;6,15844E-25;;;;
1016,8;8,864853018E-26;6,18761E-25;;;;
1017;8,831577669E-26;6,21635E-25;;;;
1017,2;8,797710502E-26;6,24465E-25;;;;
1017,4;8,763244889E-26;6,27249E-25;;;;
1017,6;8,728175022E-26;6,29986E-25;;;;
1017,8;8,692495905E-26;6,32676E-25;;;;
1018;8,656203340E-26;6,35317E-25;;;;
1018,2;8,619293919E-26;6,37907E-25;;;;
1018,4;8,581765010E-26;6,40446E-25;;;;
1018,6;8,543614745E-26;6,42934E-25;;;;
1018,8;8,504842006E-26;6,45367E-25;;;;
1019;8,465446415E-26;6,47747E-25;;;;
1019,2;8,425428315E-26;6,50071E-25;;;;
1019,4;8,384788763E-26;6,5234E-25;;;;
1019,6;8,343529508E-26;6,54551E-25;;;;
1019,8;8,301652984E-26;6,56704E-25;;;;
1020;8,259162289E-26;6,58799E-25;;;;
1020,2;8,216061175E-26;6,60834E-25;;;;
1020,4;8,172354027E-26;6,62808E-25;;;;
1020,6;8,128045852E-26;6,64722E-25;;;;
1020,8;8,083142263E-26;6,66573E-25;;;;
1021;8,037649457E-26;6,68362E-25;;;;
1021,2;7,991574208E-26;6,70088E-25;;;;
1021,4;7,944923842E-26;6,71751E-25;;;;
1021,6;7,897706226E-26;6,73348E-25;;;;
1021,8;7,849929748E-26;6,74881E-25;;;;
1022;7,801603303E-26;6,76349E-25;;;;
1022,2;7,752736274E-26;6,7775E-25;;;;
1022,4;7,703338513E-26;6,79086E-25;;;;
1022,6;7,653420328E-26;6,80354E-25;;;;
1022,8;7,602992466E-26;6,81555E-25;;;;
1023;7,552066090E-26;6,82689E-25;;;;
1023,2;7,500652766E-26;6,83755E-25;;;;
1023,4;7,448764448E-26;6,84753E-25;;;;
1023,6;7,396413455E-26;6,85683E-25;;;;
1023,8;7,343612458E-26;6,86544E-25;;;;
1024;7,290374458E-26;6,87337E-25;;;;
1024,2;7,236712777E-26;6,8806E-25;;;;
1024,4;7,182641033E-26;6,88715E-25;;;;
1024,6;7,128173124E-26;6,89301E-25;;;;
1024,8;7,073323217E-26;6,89818E-25;;;;
1025;7,018105722E-26;6,90265E-25;;;;
1025,2;6,962535285E-26;6,90644E-25;;;;
1025,4;6,906626762E-26;6,90954E-25;;;;
1025,6;6,850395208E-26;6,91195E-25;;;;
1025,8;6,793855861E-26;6,91367E-25;;;;
1026;6,737024123E-26;6,91471E-25;;;;
1026,2;6,679915543E-26;6,91506E-25;;;;
1026,4;6,622545805E-26;6,91473E-25;;;;
1026,6;6,564930712E-26;6,91373E-25;;;;
1026,8;6,507086164E-26;6,91205E-25;;;;
1027;6,449028153E-26;6,90969E-25;;;;
1027,2;6,390772737E-26;6,90667E-25;;;;
1027,4;6,332336035E-26;6,90299E-25;;;;
1027,6;6,273734206E-26;6,89864E-25;;;;
1027,8;6,214983435E-26;6,89364E-25;;;;
1028;6,156099923E-26;6,88799E-25;;;;
1028,2;6,097099868E-26;6,88169E-25;;;;
1028,4;6,037999456E-26;6,87475E-25;;;;
1028,6;5,978814842E-26;6,86718E-25;;;;
1028,8;5,919562145E-26;6,85897E-25;;;;
1029;5,860257426E-26;6,85015E-25;;;;
1029,2;5,800916682E-26;6,84071E-25;;;;
1029,4;5,741555833E-26;6,83066E-25;;;;
1029,6;5,682190707E-26;6,82001E-25;;;;
1029,8;5,622837031E-26;6,80877E-25;;;;
1030;5,563510418E-26;6,79693E-25;;;;
1030,2;5,504226357E-26;6,78452E-25;;;;
1030,4;5,445000205E-26;6,77154E-25;;;;
1030,6;5,385847171E-26;6,75799E-25;;;;
1030,8;5,326782309E-26;6,74389E-25;;;;
1031;5,267820509E-26;6,72925E-25;;;;
1031,2;5,208976488E-26;6,71407E-25;;;;
1031,4;5,150264777E-26;6,69836E-25;;;;
1031,6;5,091699717E-26;6,68213E-25;;;;
1031,8;5,033295448E-26;6,6654E-25;;;;
1032;4,975065901E-26;6,64816E-25;;;;
1032,2;4,917024793E-26;6,63044E-25;;;;
1032,4;4,859185613E-26;6,61224E-25;;;;
1032,6;4,801561624E-26;6,59357E-25;;;;
1032,8;4,744165849E-26;6,57445E-25;;;;
1033;4,687011069E-26;6,55488E-25;;;;
1033,2;4,630109812E-26;6,53487E-25;;;;
1033,4;4,573474354E-26;6,51443E-25;;;;
1033,6;4,517116707E-26;6,49358E-25;;;;
1033,8;4,461048619E-26;6,47233E-25;;;;
1034;4,405281565E-26;6,45069E-25;;;;
1034,2;4,349826748E-26;6,42867E-25;;;;
1034,4;4,294695088E-26;6,40628E-25;;;;
1034,6;4,239897222E-26;6,38353E-25;;;;
1034,8;4,185443503E-26;6,36044E-25;;;;
1035;4,131343992E-26;6,33701E-25;;;;
1035,2;4,077608455E-26;6,31326E-25;;;;
1035,4;4,024246368E-26;6,2892E-25;;;;
1035,6;3,971266903E-26;6,26485E-25;;;;
1035,8;3,918678936E-26;6,24021E-25;;;;
1036;3,866491042E-26;6,21529E-25;;;;
1036,2;3,814711490E-26;6,19012E-25;;;;
1036,4;3,763348247E-26;6,16469E-25;;;;
1036,6;3,712408976E-26;6,13903E-25;;;;
1036,8;3,661901031E-26;6,11315E-25;;;;
1037;3,611831463E-26;6,08705E-25;;;;
1037,2;3,562207017E-26;6,06075E-25;;;;
1037,4;3,513034131E-26;6,03426E-25;;;;
1037,6;3,464318938E-26;6,0076E-25;;;;
1037,8;3,416067267E-26;5,98078E-25;;;;
1038;3,368284642E-26;5,9538E-25;;;;
1038,2;3,320976286E-26;5,92668E-25;;;;
1038,4;3,274147120E-26;5,89944E-25;;;;
1038,6;3,227801766E-26;5,87208E-25;;;;
1038,8;3,181944545E-26;5,84462E-25;;;;
1039;3,136579487E-26;5,81707E-25;;;;
1039,2;3,091710325E-26;5,78944E-25;;;;
1039,4;3,047340502E-26;5,76174E-25;;;;
1039,6;3,003473173E-26;5,73398E-25;;;;
1039,8;2,960111205E-26;5,70618E-25;;;;
1040;2,917257184E-26;5,67835E-25;;;;
1040,2;2,874913416E-26;5,6505E-25;;;;
1040,4;2,833081931E-26;5,62263E-25;;;;
1040,6;2,791764484E-26;5,59477E-25;;;;
1040,8;2,750962563E-26;5,56692E-25;;;;
1041;2,710677389E-26;5,53909E-25;;;;
1041,2;2,670909921E-26;5,51129E-25;;;;
1041,4;2,631660862E-26;5,48354E-25;;;;
1041,6;2,592930658E-26;5,45585E-25;;;;
1041,8;2,554719509E-26;5,42822E-25;;;;
1042;2,517027368E-26;5,40067E-25;;;;
1042,2;2,479853949E-26;5,3732E-25;;;;
1042,4;2,443198728E-26;5,34582E-25;;;;
1042,6;2,407060952E-26;5,31856E-25;;;;
1042,8;2,371439640E-26;5,2914E-25;;;;
1043;2,336333589E-26;5,26437E-25;;;;
1043,2;2,301741381E-26;5,23748E-25;;;;
1043,4;2,267661384E-26;5,21072E-25;;;;
1043,6;2,234091760E-26;5,18412E-25;;;;
1043,8;2,201030471E-26;5,15767E-25;;;;
1044;2,168475280E-26;5,1314E-25;;;;
1044,2;2,136423760E-26;5,1053E-25;;;;
1044,4;2,104873297E-26;5,07938E-25;;;;
1044,6;2,073821099E-26;5,05366E-25;;;;
1044,8;2,043264196E-26;5,02813E-25;;;;
1045;2,013199447E-26;5,00281E-25;;;;
1045,2;1,983623549E-26;4,97771E-25;;;;
1045,4;1,954533037E-26;4,95282E-25;;;;
1045,6;1,925924296E-26;4,92817E-25;;;;
1045,8;1,897793557E-26;4,90374E-25;;;;
1046;1,870136912E-26;4,87956E-25;;;;
1046,2;1,842950313E-26;4,85562E-25;;;;
1046,4;1,816229580E-26;4,83194E-25;;;;
1046,6;1,789970408E-26;4,80851E-25;;;;
1046,8;1,764168366E-26;4,78535E-25;;;;
1047;1,738818911E-26;4,76245E-25;;;;
1047,2;1,713917385E-26;4,73982E-25;;;;
1047,4;1,689459028E-26;4,71747E-25;;;;
1047,6;1,665438976E-26;4,69541E-25;;;;
1047,8;1,641852271E-26;4,67363E-25;;;;
1048;1,618693866E-26;4,65213E-25;;;;
1048,2;1,595958627E-26;4,63094E-25;;;;
1048,4;1,573641342E-26;4,61003E-25;;;;
1048,6;1,551736720E-26;4,58943E-25;;;;
1048,8;1,530239405E-26;4,56913E-25;;;;
1049;1,509143972E-26;4,54913E-25;;;;
1049,2;1,488444939E-26;4,52944E-25;;;;
1049,4;1,468136765E-26;4,51006E-25;;;;
1049,6;1,448213861E-26;4,49099E-25;;;;
1049,8;1,428670590E-26;4,47224E-25;;;;
1050;1,409501275E-26;4,4538E-25;;;;
1050,2;1,390700202E-26;4,43567E-25;;;;
1050,4;1,372261623E-26;4,41786E-25;;;;
1050,6;1,354179763E-26;4,40037E-25;;;;
1050,8;1,336448823E-26;4,3832E-25;;;;
1051;1,319062984E-26;4,36634E-25;;;;
1051,2;1,302016413E-26;4,3498E-25;;;;
1051,4;1,285303263E-26;4,33359E-25;;;;
1051,6;1,268917681E-26;4,31768E-25;;;;
1051,8;1,252853811E-26;4,3021E-25;;;;
1052;1,237105796E-26;4,28683E-25;;;;
1052,2;1,221667784E-26;4,27188E-25;;;;
1052,4;1,206533930E-26;4,25724E-25;;;;
1052,6;1,191698400E-26;4,24291E-25;;;;
1052,8;1,177155374E-26;4,22889E-25;;;;
1053;1,162899052E-26;4,21519E-25;;;;
1053,2;1,148923654E-26;4,20179E-25;;;;
1053,4;1,135223422E-26;4,18869E-25;;;;
1053,6;1,121792630E-26;4,17589E-25;;;;
1053,8;1,108625579E-26;4,1634E-25;;;;
1054;1,095716604E-26;4,1512E-25;;;;
1054,2;1,083060078E-26;4,13929E-25;;;;
1054,4;1,070650410E-26;4,12768E-25;;;;
1054,6;1,058482053E-26;4,11635E-25;;;;
1054,8;1,046549502E-26;4,1053E-25;;;;
1055;1,034847300E-26;4,09453E-25;;;;
1055,2;1,023370038E-26;4,08404E-25;;;;
1055,4;1,012112358E-26;4,07382E-25;;;;
1055,6;1,001068955E-26;4,06387E-25;;;;
1055,8;9,902345800E-27;4,05418E-25;;;;
1056;9,796040409E-27;4,04474E-25;;;;
1056,2;9,691722048E-27;4,03557E-25;;;;
1056,4;9,589339994E-27;4,02663E-25;;;;
1056,6;9,488844153E-27;4,01795E-25;;;;
1056,8;9,390185075E-27;4,0095E-25;;;;
1057;9,293313965E-27;4,00128E-25;;;;
1057,2;9,198182702E-27;3,9933E-25;;;;
1057,4;9,104743851E-27;3,98553E-25;;;;
1057,6;9,012950676E-27;3,97799E-25;;;;
1057,8;8,922757152E-27;3,97065E-25;;;;
1058;8,834117976E-27;3,96352E-25;;;;
1058,2;8,746988577E-27;3,95659E-25;;;;
1058,4;8,661325126E-27;3,94986E-25;;;;
1058,6;8,577084545E-27;3,94331E-25;;;;
1058,8;8,494224514E-27;3,93694E-25;;;;
1059;8,412703480E-27;3,93075E-25;;;;
1059,2;8,332480661E-27;3,92473E-25;;;;
1059,4;8,253516054E-27;3,91887E-25;;;;
1059,6;8,175770438E-27;3,91317E-25;;;;
1059,8;8,099205381E-27;3,90762E-25;;;;
1060;8,023783241E-27;3,90221E-25;;;;
1060,2;7,949467168E-27;3,89694E-25;;;;
1060,4;7,876221112E-27;3,8918E-25;;;;
1060,6;7,804009817E-27;3,88678E-25;;;;
1060,8;7,732798827E-27;3,88188E-25;;;;
1061;7,662554487E-27;3,87709E-25;;;;
1061,2;7,593243937E-27;3,87241E-25;;;;
1061,4;7,524835118E-27;3,86782E-25;;;;
1061,6;7,457296765E-27;3,86332E-25;;;;
1061,8;7,390598410E-27;3,85891E-25;;;;
1062;7,324710374E-27;3,85457E-25;;;;
1062,2;7,259603770E-27;3,85031E-25;;;;
1062,4;7,195250494E-27;3,84611E-25;;;;
1062,6;7,131623223E-27;3,84196E-25;;;;
1062,8;7,068695413E-27;3,83786E-25;;;;
1063;7,006441289E-27;3,83381E-25;;;;
1063,2;6,944835843E-27;3,82979E-25;;;;
1063,4;6,883854828E-27;3,82581E-25;;;;
1063,6;6,823474751E-27;3,82184E-25;;;;
1063,8;6,763672864E-27;3,8179E-25;;;;
1064;6,704427160E-27;3,81396E-25;;;;
1064,2;6,645716367E-27;3,81003E-25;;;;
1064,4;6,587519935E-27;3,80609E-25;;;;
1064,6;6,529818031E-27;3,80215E-25;;;;
1064,8;6,472591529E-27;3,79819E-25;;;;
1065;6,415822005E-27;3,79421E-25;;;;
1065,2;6,359491722E-27;3,79019E-25;;;;
1065,4;6,303583626E-27;3,78615E-25;;;;
1065,6;6,248081333E-27;3,78206E-25;;;;
1065,8;6,192969119E-27;3,77793E-25;;;;
1066;6,138231911E-27;3,77375E-25;;;;
1066,2;6,083855279E-27;3,76951E-25;;;;
1066,4;6,029825420E-27;3,7652E-25;;;;
1066,6;5,976129152E-27;3,76082E-25;;;;
1066,8;5,922753900E-27;3,75637E-25;;;;
1067;5,869687685E-27;3,75184E-25;;;;
1067,2;5,816919117E-27;3,74722E-25;;;;
1067,4;5,764437376E-27;3,74251E-25;;;;
1067,6;5,712232208E-27;3,7377E-25;;;;
1067,8;5,660293910E-27;3,7328E-25;;;;
1068;5,608613315E-27;3,72778E-25;;;;
1068,2;5,557181786E-27;3,72265E-25;;;;
1068,4;5,505991202E-27;3,71741E-25;;;;
1068,6;5,455033943E-27;3,71204E-25;;;;
1068,8;5,404302882E-27;3,70655E-25;;;;
1069;5,353791370E-27;3,70093E-25;;;;
1069,2;5,303493227E-27;3,69517E-25;;;;
1069,4;5,253402726E-27;3,68927E-25;;;;
1069,6;5,203514582E-27;3,68323E-25;;;;
1069,8;5,153823943E-27;3,67705E-25;;;;
1070;5,104326374E-27;3,67071E-25;;;;
1070,2;5,055017846E-27;3,66422E-25;;;;
1070,4;5,005894723E-27;3,65756E-25;;;;
1070,6;4,956953753E-27;3,65075E-25;;;;
1070,8;4,908192053E-27;3,64377E-25;;;;
1071;4,859607097E-27;3,63663E-25;;;;
1071,2;4,811196706E-27;3,62931E-25;;;;
1071,4;4,762959033E-27;3,62182E-25;;;;
1071,6;4,714892557E-27;3,61415E-25;;;;
1071,8;4,666996064E-27;3,6063E-25;;;;
1072;4,619268641E-27;3,59827E-25;;;;
1072,2;4,571709661E-27;3,59005E-25;;;;
1072,4;4,524318774E-27;3,58165E-25;;;;
1072,6;4,477095894E-27;3,57305E-25;;;;
1072,8;4,430041189E-27;3,56427E-25;;;;
1073;4,383155069E-27;3,55529E-25;;;;
1073,2;4,336438178E-27;3,54612E-25;;;;
1073,4;4,289891378E-27;3,53675E-25;;;;
1073,6;4,243515741E-27;3,52718E-25;;;;
1073,8;4,197312542E-27;3,51741E-25;;;;
1074;4,151283241E-27;3,50744E-25;;;;
1074,2;4,105429482E-27;3,49727E-25;;;;
1074,4;4,059753074E-27;3,4869E-25;;;;
1074,6;4,014255989E-27;3,47632E-25;;;;
1074,8;3,968940346E-27;3,46554E-25;;;;
1075;3,923808405E-27;3,45456E-25;;;;
1075,2;3,878862557E-27;3,44337E-25;;;;
1075,4;3,834105316E-27;3,43197E-25;;;;
1075,6;3,789539307E-27;3,42037E-25;;;;
1075,8;3,745167260E-27;3,40856E-25;;;;
1076;3,700991999E-27;3,39655E-25;;;;
1076,2;3,657016438E-27;3,38433E-25;;;;
1076,4;3,613243567E-27;3,37191E-25;;;;
1076,6;3,569676447E-27;3,35928E-25;;;;
1076,8;3,526318205E-27;3,34645E-25;;;;
1077;3,483172018E-27;3,33341E-25;;;;
1077,2;3,440241116E-27;3,32017E-25;;;;
1077,4;3,397528767E-27;3,30673E-25;;;;
1077,6;3,355038272E-27;3,29309E-25;;;;
1077,8;3,312772961E-27;3,27925E-25;;;;
1078;3,270736183E-27;3,26521E-25;;;;
1078,2;3,228931300E-27;3,25098E-25;;;;
1078,4;3,187361682E-27;3,23655E-25;;;;
1078,6;3,146030700E-27;3,22192E-25;;;;
1078,8;3,104941721E-27;3,20711E-25;;;;
1079;3,064098101E-27;3,1921E-25;;;;
1079,2;3,023503182E-27;3,1769E-25;;;;
1079,4;2,983160283E-27;3,16152E-25;;;;
1079,6;2,943072697E-27;3,14596E-25;;;;
1079,8;2,903243689E-27;3,13021E-25;;;;
1080;2,863676484E-27;3,11428E-25;;;;
1080,2;2,824374271E-27;3,09817E-25;;;;
1080,4;2,785340193E-27;3,08189E-25;;;;
1080,6;2,746577343E-27;3,06544E-25;;;;
1080,8;2,708088763E-27;3,04882E-25;;;;
1081;2,669877439E-27;3,03202E-25;;;;
1081,2;2,631946297E-27;3,01507E-25;;;;
1081,4;2,594298199E-27;2,99795E-25;;;;
1081,6;2,556935941E-27;2,98068E-25;;;;
1081,8;2,519862250E-27;2,96324E-25;;;;
1082;2,483079780E-27;2,94566E-25;;;;
1082,2;2,446591110E-27;2,92792E-25;;;;
1082,4;2,410398741E-27;2,91004E-25;;;;
1082,6;2,374505094E-27;2,89202E-25;;;;
1082,8;2,338912510E-27;2,87385E-25;;;;
1083;2,303623242E-27;2,85555E-25;;;;
1083,2;2,268639460E-27;2,83711E-25;;;;
1083,4;2,233963244E-27;2,81855E-25;;;;
1083,6;2,199596585E-27;2,79986E-25;;;;
1083,8;2,165541383E-27;2,78104E-25;;;;
1084;2,131799447E-27;2,76211E-25;;;;
1084,2;2,098372490E-27;2,74306E-25;;;;
1084,4;2,065262133E-27;2,7239E-25;;;;
1084,6;2,032469899E-27;2,70463E-25;;;;
1084,8;1,999997217E-27;2,68525E-25;;;;
1085;1,967845418E-27;2,66578E-25;;;;
1085,2;1,936015735E-27;2,6462E-25;;;;
1085,4;1,904509306E-27;2,62654E-25;;;;
1085,6;1,873327167E-27;2,60678E-25;;;;
1085,8;1,842470259E-27;2,58694E-25;;;;
1086;1,811939424E-27;2,56701E-25;;;;
1086,2;1,781735403E-27;2,54701E-25;;;;
1086,4;1,751858843E-27;2,52694E-25;;;;
1086,6;1,722310291E-27;2,50679E-25;;;;
1086,8;1,693090196E-27;2,48658E-25;;;;
1087;1,664198911E-27;2,46631E-25;;;;
1087,2;1,635636692E-27;2,44597E-25;;;;
1087,4;1,607403699E-27;2,42559E-25;;;;
1087,6;1,579499998E-27;2,40515E-25;;;;
1087,8;1,551925559E-27;2,38466E-25;;;;
1088;1,524680259E-27;2,36414E-25;;;;
1088,2;1,497763882E-27;2,34357E-25;;;;
1088,4;1,471176121E-27;2,32297E-25;;;;
1088,6;1,444916578E-27;2,30234E-25;;;;
1088,8;1,418984767E-27;2,28168E-25;;;;
1089;1,393380110E-27;2,261E-25;;;;
1089,2;1,368101947E-27;2,2403E-25;;;;
1089,4;1,343149528E-27;2,21959E-25;;;;
1089,6;1,318522022E-27;2,19886E-25;;;;
1089,8;1,294218513E-27;2,17812E-25;;;;
1090;1,270238004E-27;2,15739E-25;;;;
1090,2;1,246579420E-27;2,13665E-25;;;;
1090,4;1,223241603E-27;2,11591E-25;;;;
1090,6;1,200223324E-27;2,09518E-25;;;;
1090,8;1,177523275E-27;2,07447E-25;;;;
1091;1,155140075E-27;2,05376E-25;;;;
1091,2;1,133072273E-27;2,03308E-25;;;;
1091,4;1,111318344E-27;2,01242E-25;;;;
1091,6;1,089876700E-27;1,99178E-25;;;;
1091,8;1,068745681E-27;1,97117E-25;;;;
1092;1,047923566E-27;1,9506E-25;;;;
1092,2;1,027408569E-27;1,93006E-25;;;;
1092,4;1,007198843E-27;1,90955E-25;;;;
1092,6;9,872924812E-28;1,8891E-25;;;;
1092,8;9,676875205E-28;1,86868E-25;;;;
1093;9,483819407E-28;1,84832E-25;;;;
1093,2;9,293736680E-28;1,82801E-25;;;;
1093,4;9,106605765E-28;1,80775E-25;;;;
1093,6;8,922404902E-28;1,78756E-25;;;;
1093,8;8,741111845E-28;1,76742E-25;;;;
1094;8,562703882E-28;1,74735E-25;;;;
1094,2;8,387157857E-28;1,72735E-25;;;;
1094,4;8,214450181E-28;1,70742E-25;;;;
1094,6;8,044556859E-28;1,68756E-25;;;;
1094,8;7,877453502E-28;1,66778E-25;;;;
1095;7,713115348E-28;1,64808E-25;;;;
1095,2;7,551517277E-28;1,62846E-25;;;;
1095,4;7,392633836E-28;1,60892E-25;;;;
1095,6;7,236439248E-28;1,58948E-25;;;;
1095,8;7,082907436E-28;1,57012E-25;;;;
1096;6,932012038E-28;1,55085E-25;;;;
1096,2;6,783726426E-28;1,53168E-25;;;;
1096,4;6,638023719E-28;1,51261E-25;;;;
1096,6;6,494876807E-28;1,49363E-25;;;;
1096,8;6,354258362E-28;1,47476E-25;;;;
1097;6,216140854E-28;1,456E-25;;;;
1097,2;6,080496574E-28;1,43733E-25;;;;
1097,4;5,947297644E-28;1,41878E-25;;;;
1097,6;5,816516033E-28;1,40034E-25;;;;
1097,8;5,688123578E-28;1,38201E-25;;;;
1098;5,562091991E-28;1,36379E-25;;;;
1098,2;5,438392883E-28;1,3457E-25;;;;
1098,4;5,316997773E-28;1,32772E-25;;;;
1098,6;5,197878103E-28;1,30985E-25;;;;
1098,8;5,081005256E-28;1,29212E-25;;;;
1099;4,966350565E-28;1,2745E-25;;;;
1099,2;4,853885330E-28;1,25701E-25;;;;
1099,4;4,743580832E-28;1,23965E-25;;;;
1099,6;4,635408343E-28;1,22241E-25;;;;
1099,8;4,529339140E-28;1,2053E-25;;;;
1100;4,425344519E-28;1,18833E-25;;;;